"comp_ID","study_ID","dam_ID","animal_ID","author","year","title","journal","species","strain","manip_type","manip_direction","nom_manip_val","nom_manip_val2","intake_reported","vitmin_eql","adlib_con","adlib_exp","diet_con","diet_exp","dam_diet_start_dPC","dam_diet_end_dPC","diet_label","age_mating","n_con_dam","n_exp_dam","multi_use_con","dam_housing","temperature","photoperiod","litter_size","litter_size_equalized","crossfostered","sex","housing","bodyweight_mean_contr","bodyweight_SE_contr","bodyweight_mean_exp","bodyweight_SE_exp","bw_N_contr","bw_N_exp","bw_dayPG","birthweight_mean_contr","birthweight_SE_contr","birthweight_mean_exp","birthweight_SE_exp","birthweight_N_contr","birthweight_N_exp","offspring_diet","offspring_con_adlib","offspring_diet_level","offspring_diet_end_dPP","post_diet_adlib","response_age_dPP","author.s.behaviour","my.behaviour","response_test","time_trial","measure","unit","high_better","night.day","comparison","exp_mean","exp_se","exp_n","con_mean","con_se","con_n","con_ID","percentage","treatment","set","set2","Missing","exp_sd","con_sd","varianceoftreatment","varianceofcontrols","d","H.d","SE.d","N_total","H.d_Var_combined","lnRR","lnRR_Var","lnRR_SE"
"comp_01","s_01","D_01","A_01","Reyes-Castro",2012,"Maternal protein restriction in the","J022","rats","Wistar","protein","-",50,NA,"no","yes","yes","yes","Zeiger_Rodent_RQ22-5","Zeiger_Rodent_RQ22-5_LP_isoc",1,"22","pre",122,20,20,"yes","single",22,"12",10,"yes","no","f","group","209",4,200,7,10,10,90,5.6,0.05,5.1,"0.04",16,16,"20% casein control","yes","Zeiger_Rodent_RQ22-5",1,"yes","90","ANXIETY","ACTIVITY","EPM","5","T_dist_moved","m","yes","night","cc-rc",13.9,1.28,8,11.97,1.28,8,"con_01","no","protein-","protein-.ACTIVITY","PR_act",0,3.62038671967512,3.62038671967512,13.1072,13.1072,0.53309222175392,0.504014464203707,0.503953596886139,32,0.253969227814477,0.149485320566764,0.0199147730584567,0.141119711799793
"comp_02","s_01","D_02","A_02","Reyes-Castro",2012,"Maternal protein restriction in the","J022","rats","Wistar","protein","-",50,NA,"no","yes","yes","yes","Zeiger_Rodent_RQ22-6","Zeiger_Rodent_RQ22-5_LP_isoc",22,"43","lact",122,20,20,"yes","single",22,"12",10,"yes","no","f","group","209",4,190,6,10,10,90,5.6,0.05,5.6,"0.05",16,16,"20% casein control","yes","Zeiger_Rodent_RQ22-6",21,"yes","90","ANXIETY","ACTIVITY","EPM","5","T_dist_moved","m","yes","night","cc-cr",13.9,0.96,8,11.97,1.28,8,"con_01","no","protein-","protein-.ACTIVITY","PR_act",0,2.71529003975634,3.62038671967512,7.3728,13.1072,0.603125,0.570227272727273,0.505055057991236,32,0.255080611602531,0.149485320566764,0.0162048201574682,0.127298154572123
"comp_03","s_01","D_03","A_03","Reyes-Castro",2012,"Maternal protein restriction in the","J022","rats","Wistar","protein","-",50,NA,"no","yes","yes","yes","Zeiger_Rodent_RQ22-7","Zeiger_Rodent_RQ22-5_LP_isoc",1,"43","pre+lact",122,20,20,"yes","single",22,"12",10,"yes","no","f","group","209",4,199,10,10,10,90,5.6,0.05,5.1,"0.04",16,16,"20% casein control","yes","Zeiger_Rodent_RQ22-7",21,"yes","90","ANXIETY","ACTIVITY","EPM","5","T_dist_moved","m","yes","night","cc-rr",10.69,0.32,8,11.97,1.28,8,"con_01","no","protein-","protein-.ACTIVITY","PR_act",0,0.905096679918781,3.62038671967512,0.8192,13.1072,-0.485071250072666,-0.458612818250521,0.503275609710147,32,0.25328633932912,-0.113094794532928,0.0123309560956816,0.111044838221691
"comp_31","s_01","D_01","A_01","Reyes-Castro",2012,"Maternal protein restriction in the","J022","rats","Wistar","protein","-",50,NA,"no","yes","yes","yes","Zeiger_Rodent_RQ22-35","Zeiger_Rodent_RQ22-5_LP_isoc",1,"22","pre",122,20,20,"yes","single",22,"12",10,"yes","no","f","group","209",4,200,7,10,10,90,5.6,0.05,5.1,"0.04",16,16,"20% casein control","yes","Zeiger_Rodent_RQ22-35",1,"yes","90","EXPLORATION","ACTIVITY","Open_Field","60","Total_distance","m","yes","night","cc-rc",133.5,19.36,8,150.83,9.17,8,"con_11","no","protein-","protein-.ACTIVITY","PR_act",0,54.7583491350862,25.9366767339226,2998.4768,672.7112,-0.404492290018886,-0.382429074199674,0.5022799890996,32,0.252285187449894,-0.122051896939857,0.0247266969923323,0.157247247964256
"comp_32","s_01","D_02","A_02","Reyes-Castro",2012,"Maternal protein restriction in the","J022","rats","Wistar","protein","-",50,NA,"no","yes","yes","yes","Zeiger_Rodent_RQ22-36","Zeiger_Rodent_RQ22-5_LP_isoc",22,"43","lact",122,20,20,"yes","single",22,"12",10,"yes","no","f","group","209",4,190,6,10,10,90,5.6,0.05,5.6,"0.05",16,16,"20% casein control","yes","Zeiger_Rodent_RQ22-36",21,"yes","90","EXPLORATION","ACTIVITY","Open_Field","60","Total_distance","m","yes","night","cc-cr",128.41,15.29,8,150.83,9.17,8,"con_11","no","protein-","protein-.ACTIVITY","PR_act",0,43.2466507373692,25.9366767339226,1870.2728,672.7112,-0.628751149784665,-0.594455632523684,0.505491368296716,32,0.255521523422486,-0.160925104936979,0.0178743412401556,0.133694955926376
"comp_33","s_01","D_03","A_03","Reyes-Castro",2012,"Maternal protein restriction in the","J022","rats","Wistar","protein","-",50,NA,"no","yes","yes","yes","Zeiger_Rodent_RQ22-37","Zeiger_Rodent_RQ22-5_LP_isoc",1,"43","pre+lact",122,20,20,"yes","single",22,"12",10,"yes","no","f","group","209",4,199,10,10,10,90,5.6,0.05,5.1,"0.04",16,16,"20% casein control","yes","Zeiger_Rodent_RQ22-37",21,"yes","90","EXPLORATION","ACTIVITY","Open_Field","60","Total_distance","m","yes","night","cc-rr",115.16,9.17,8,150.83,9.17,8,"con_11","no","protein-","protein-.ACTIVITY","PR_act",0,25.9366767339226,25.9366767339226,672.7112,672.7112,-1.37527256733501,-1.30025770002583,0.525753478448973,32,0.276416720101195,-0.269830909036186,0.0100369389667865,0.100184524587316
"comp_198","s_17","D_30","A_39","Watkins",2008,"Adaptive response by mouse early","J043","mice","MF1","protein","-",50,NA,"no","yes","yes","yes","Sigma_Special_Diet_Service_Casein_18%","Sigma_Special_Diet_Service_Casein_9%",0,"22","pre",56,19,19,"yes","single",NA,"12",6,"yes","no","m","group","40.82",0.34,40.47,0.51,46,55,98,1.39,0.01,1.37,"0.01",92,86,"control","yes","Sigma_Special_Diet_Service_Casein_18%",0,"yes","98","ANXIETY","ACTIVITY","Open_Field","3","distance","cm","yes","day","NPD_LPD_males",240.28,17.06,55,213.27,17.06,46,"con_81","no","protein-","protein-.ACTIVITY","PR_act",0,126.520346189852,115.706549512117,16007.398,13388.0056,0.221895189109075,0.220209909191791,0.200174169968176,163,0.0400696983224482,0.119245941372459,0.0114398706174402,0.106957330826083
"comp_199","s_17","D_30","A_39","Watkins",2008,"Adaptive response by mouse early","J043","mice","MF1","protein","-",50,NA,"no","yes","yes","yes","Sigma_Special_Diet_Service_Casein_18%","Sigma_Special_Diet_Service_Casein_9%",0,"22","pre",56,19,19,"yes","single",NA,"12",6,"yes","no","m","group","40.82",0.34,40.47,0.51,46,55,98,1.39,0.01,1.37,"0.01",92,86,"control","yes","Sigma_Special_Diet_Service_Casein_18%",0,"yes","98","ANXIETY","ACTIVITY","Open_Field","3","resting","sec","no","day","NPD_LPD_males",109.48,1.42,55,109.48,1.42,46,"con_82","no","protein-","protein-.ACTIVITY","PR_act",0,10.5310018516758,9.63090857603788,110.902,92.7544,0,0,0.199802273802379,163,0.0399209486166008,0,0.000336462840445864,0.0183429234432754
"comp_200","s_17","D_30","A_39","Watkins",2008,"Adaptive response by mouse early","J043","mice","MF1","protein","-",50,NA,"no","yes","yes","yes","Sigma_Special_Diet_Service_Casein_18%","Sigma_Special_Diet_Service_Casein_9%",0,"22","pre",56,19,19,"yes","single",NA,"12",6,"yes","no","m","group","40.82",0.34,40.47,0.51,46,55,98,1.39,0.01,1.37,"0.01",92,86,"control","yes","Sigma_Special_Diet_Service_Casein_18%",0,"yes","98","ANXIETY","ACTIVITY","Open_Field","3","velocity","cm/3 mins","yes","day","NPD_LPD_males",132.23,17.06,55,123.7,22.75,46,"con_83","no","protein-","protein-.ACTIVITY","PR_act",0,126.520346189852,154.2980071161,16007.398,23807.875,0.0610016469867659,0.0605383433387651,0.199830404627466,163,0.0399321906135769,0.0666835511702892,0.0504694247575435,0.224654011220685
"comp_202","s_17","D_30","A_39","Watkins",2008,"Adaptive response by mouse early","J043","mice","MF1","protein","-",50,NA,"no","yes","yes","yes","Sigma_Special_Diet_Service_Casein_18%","Sigma_Special_Diet_Service_Casein_9%",0,"22","pre",56,19,19,"yes","single",NA,"12",6,"yes","no","m","group","40.82",0.34,40.47,0.51,46,55,98,1.39,0.01,1.37,"0.01",92,86,"control","yes","Sigma_Special_Diet_Service_Casein_18%",0,"yes","98","ANXIETY","ACTIVITY","Open_Field","3","jumps","#","yes","day","NPD_LPD_males",1.4,0.34,55,1.75,0.43,46,"con_85","no","protein-","protein-.ACTIVITY","PR_act",0,2.52150748561253,2.91640189274387,6.358,8.5054,-0.129239390112365,-0.12825782512417,0.199928509605611,163,0.039971408953121,-0.22314355131421,0.119355102040816,0.345478077511173
"comp_203","s_17","D_30","A_40","Watkins",2008,"Adaptive response by mouse early","J043","mice","MF1","protein","-",50,NA,"no","yes","yes","yes","Sigma_Special_Diet_Service_Casein_18%","Sigma_Special_Diet_Service_Casein_9%",0,"22","pre",56,19,19,"yes","single",NA,"12",6,"yes","no","f","group","31.85",0.73,32.4,0.36,50,52,98,1.33,0.03,1.35,"0.01",96,87,"control","yes","Sigma_Special_Diet_Service_Casein_18%",0,"yes","98","ANXIETY","ACTIVITY","Open_Field","3","distance","cm","yes","day","NPD_LPD_females",256.67,16.67,52,205,15,50,"con_86","no","protein-","protein-.ACTIVITY","PR_act",0,120.209079523969,106.066017177982,14450.2228,11250,0.455244700374336,0.451821807890319,0.19975558084753,152,0.039902292079734,0.224781233969868,0.00957209586764455,0.0978370884053923
"comp_204","s_17","D_30","A_40","Watkins",2008,"Adaptive response by mouse early","J043","mice","MF1","protein","-",50,NA,"no","yes","yes","yes","Sigma_Special_Diet_Service_Casein_18%","Sigma_Special_Diet_Service_Casein_9%",0,"22","pre",56,19,19,"yes","single",NA,"12",6,"yes","no","f","group","31.85",0.73,32.4,0.36,50,52,98,1.33,0.03,1.35,"0.01",96,87,"control","yes","Sigma_Special_Diet_Service_Casein_18%",0,"yes","98","ANXIETY","ACTIVITY","Open_Field","3","resting","sec","no","day","NPD_LPD_females",105,3.33,52,115,3.33,50,"con_87","no","protein-","protein-.ACTIVITY","PR_act",0,24.0129714945902,23.546655813512,576.6228,554.445,-0.420422102112192,0.417261033675258,0.199508117302688,152,0.0398034888696631,0.0909717782057268,0.00184427606959608,0.0429450354476054
"comp_205","s_17","D_30","A_40","Watkins",2008,"Adaptive response by mouse early","J043","mice","MF1","protein","-",50,NA,"no","yes","yes","yes","Sigma_Special_Diet_Service_Casein_18%","Sigma_Special_Diet_Service_Casein_9%",0,"22","pre",56,19,19,"yes","single",NA,"12",6,"yes","no","f","group","31.85",0.73,32.4,0.36,50,52,98,1.33,0.03,1.35,"0.01",96,87,"control","yes","Sigma_Special_Diet_Service_Casein_18%",0,"yes","98","ANXIETY","ACTIVITY","Open_Field","3","velocity","cm/3 mins","yes","day","NPD_LPD_females",128.33,18.33,52,193.33,28.33,50,"con_88","no","protein-","protein-.ACTIVITY","PR_act",0,132.17950975851,200.323351110149,17471.4228,40129.445,-0.384528867086804,-0.38163767259743,0.199273360574206,152,0.0397098722345376,-0.409793502088041,0.0418748976923234,0.204633569319219
"comp_207","s_17","D_30","A_40","Watkins",2008,"Adaptive response by mouse early","J043","mice","MF1","protein","-",50,NA,"no","yes","yes","yes","Sigma_Special_Diet_Service_Casein_18%","Sigma_Special_Diet_Service_Casein_9%",0,"22","pre",56,19,19,"yes","single",NA,"12",6,"yes","no","f","group","31.85",0.73,32.4,0.36,50,52,98,1.33,0.03,1.35,"0.01",96,87,"control","yes","Sigma_Special_Diet_Service_Casein_18%",0,"yes","98","ANXIETY","ACTIVITY","Open_Field","3","jumps","#","yes","day","NPD_LPD_females",2.22,0.42,52,1.74,0.46,50,"con_90","no","protein-","protein-.ACTIVITY","PR_act",0,3.02866307138975,3.25269119345812,9.1728,10.58,0.152845098554143,0.151695887286819,0.198258582215957,152,0.0393064654222815,0.243622082657751,0.105682891491292,0.32508905163246
"comp_208","s_17","D_31","A_41","Watkins",2008,"Adaptive response by mouse early","J043","mice","MF1","protein","-",50,NA,"no","yes","yes","yes","Sigma_Special_Diet_Service_Casein_18%","Sigma_Special_Diet_Service_Casein_9%",0,"3.5","pre",56,19,19,"yes","single",NA,"12",6,"yes","no","m","group","40.82",0.34,41.67,0.34,46,62,98,1.39,0.01,1.53,"0.04",92,84,"control","yes","Sigma_Special_Diet_Service_Casein_18%",0,"yes","98","ANXIETY","ACTIVITY","Open_Field","3","distance","cm","yes","day","NPD_emb_LPD_males",245.97,18.48,62,213.27,17.06,46,"con_81","no","protein-","protein-.ACTIVITY","PR_act",0,145.511665511738,115.706549512117,21173.6448,13388.0056,0.244627157629116,0.242892213248768,0.195061872087042,163,0.0380491339421014,0.142650608666695,0.0120434839232557,0.10974280807076
"comp_209","s_17","D_31","A_41","Watkins",2008,"Adaptive response by mouse early","J043","mice","MF1","protein","-",50,NA,"no","yes","yes","yes","Sigma_Special_Diet_Service_Casein_18%","Sigma_Special_Diet_Service_Casein_9%",0,"3.5","pre",56,19,19,"yes","single",NA,"12",6,"yes","no","m","group","40.82",0.34,41.67,0.34,46,62,98,1.39,0.01,1.53,"0.04",92,84,"control","yes","Sigma_Special_Diet_Service_Casein_18%",0,"yes","98","ANXIETY","ACTIVITY","Open_Field","3","resting","sec","no","day","NPD_emb_LPD_males",102.37,2.84,62,109.48,1.42,46,"con_82","no","protein-","protein-.ACTIVITY","PR_act",0,22.3621823621935,9.63090857603788,500.0672,92.7544,-0.393092915351053,0.390305022334379,0.195794425874331,163,0.0383354572034589,0.0671481832407988,0.000937877875524175,0.0306247918445852
"comp_210","s_17","D_31","A_41","Watkins",2008,"Adaptive response by mouse early","J043","mice","MF1","protein","-",50,NA,"no","yes","yes","yes","Sigma_Special_Diet_Service_Casein_18%","Sigma_Special_Diet_Service_Casein_9%",0,"3.5","pre",56,19,19,"yes","single",NA,"12",6,"yes","no","m","group","40.82",0.34,41.67,0.34,46,62,98,1.39,0.01,1.53,"0.04",92,84,"control","yes","Sigma_Special_Diet_Service_Casein_18%",0,"yes","98","ANXIETY","ACTIVITY","Open_Field","3","velocity","cm/3 mins","yes","day","NPD_emb_LPD_males",113.75,12.8,62,123.7,22.75,46,"con_83","no","protein-","protein-.ACTIVITY","PR_act",0,100.787300787351,154.2980071161,10158.08,23807.875,-0.0787779294821005,-0.0782192207623693,0.194645653226928,163,0.0378869303201375,-0.0838562215673825,0.0464863103509185,0.215606842078164
"comp_212","s_17","D_31","A_41","Watkins",2008,"Adaptive response by mouse early","J043","mice","MF1","protein","-",50,NA,"no","yes","yes","yes","Sigma_Special_Diet_Service_Casein_18%","Sigma_Special_Diet_Service_Casein_9%",0,"3.5","pre",56,19,19,"yes","single",NA,"12",6,"yes","no","m","group","40.82",0.34,41.67,0.34,46,62,98,1.39,0.01,1.53,"0.04",92,84,"control","yes","Sigma_Special_Diet_Service_Casein_18%",0,"yes","98","ANXIETY","ACTIVITY","Open_Field","3","jumps","#","yes","day","NPD_emb_LPD_males",1.63,0.3,62,1.75,0.43,46,"con_85","no","protein-","protein-.ACTIVITY","PR_act",0,2.36220236220354,2.91640189274387,5.58,8.5054,-0.045943924660668,-0.0456180812233583,0.194613838554876,163,0.0378745461570634,-0.0710357731167518,0.0942495739625972,0.30700093479108
"comp_213","s_17","D_31","A_42","Watkins",2008,"Adaptive response by mouse early","J043","mice","MF1","protein","-",50,NA,"no","yes","yes","yes","Sigma_Special_Diet_Service_Casein_18%","Sigma_Special_Diet_Service_Casein_9%",0,"3.5","pre",56,19,19,"yes","single",NA,"12",6,"yes","no","f","group","31.85",0.73,34.72,0.42,50,50,98,1.33,0.03,1.47,"0.04",96,107,"control","yes","Sigma_Special_Diet_Service_Casein_18%",0,"yes","98","ANXIETY","ACTIVITY","Open_Field","3","distance","cm","yes","day","NPD_emb_LPD_females",290,18.33,50,205,15,50,"con_86","no","protein-","protein-.ACTIVITY","PR_act",0,129.612672991494,106.066017177982,16799.445,11250,0.717747663312575,0.712240647993041,0.204129141436809,152,0.0416687063837288,0.346870943842111,0.00934906775028453,0.0966905773603847
"comp_214","s_17","D_31","A_42","Watkins",2008,"Adaptive response by mouse early","J043","mice","MF1","protein","-",50,NA,"no","yes","yes","yes","Sigma_Special_Diet_Service_Casein_18%","Sigma_Special_Diet_Service_Casein_9%",0,"3.5","pre",56,19,19,"yes","single",NA,"12",6,"yes","no","f","group","31.85",0.73,34.72,0.42,50,50,98,1.33,0.03,1.47,"0.04",96,107,"control","yes","Sigma_Special_Diet_Service_Casein_18%",0,"yes","98","ANXIETY","ACTIVITY","Open_Field","3","resting","sec","no","day","NPD_emb_LPD_females",103.33,3.33,50,115,3.33,50,"con_87","no","protein-","protein-.ACTIVITY","PR_act",0,23.546655813512,23.546655813512,554.445,554.445,-0.495611779966787,0.491809132038654,0.201979319407405,152,0.0407956454682783,0.107004378136987,0.00187704975609547,0.0433249322687926
"comp_215","s_17","D_31","A_42","Watkins",2008,"Adaptive response by mouse early","J043","mice","MF1","protein","-",50,NA,"no","yes","yes","yes","Sigma_Special_Diet_Service_Casein_18%","Sigma_Special_Diet_Service_Casein_9%",0,"3.5","pre",56,19,19,"yes","single",NA,"12",6,"yes","no","f","group","31.85",0.73,34.72,0.42,50,50,98,1.33,0.03,1.47,"0.04",96,107,"control","yes","Sigma_Special_Diet_Service_Casein_18%",0,"yes","98","ANXIETY","ACTIVITY","Open_Field","3","velocity","cm/3 mins","yes","day","NPD_emb_LPD_females",150,23.33,50,193.33,28.33,50,"con_88","no","protein-","protein-.ACTIVITY","PR_act",0,164.968012050822,200.323351110149,27214.445,40129.445,-0.236131859622987,-0.234320106224346,0.200451020334712,152,0.0401806115532269,-0.253763279248155,0.0456637128602856,0.21369069436989
"comp_217","s_17","D_31","A_42","Watkins",2008,"Adaptive response by mouse early","J043","mice","MF1","protein","-",50,NA,"no","yes","yes","yes","Sigma_Special_Diet_Service_Casein_18%","Sigma_Special_Diet_Service_Casein_9%",0,"3.5","pre",56,19,19,"yes","single",NA,"12",6,"yes","no","f","group","31.85",0.73,34.72,0.42,50,50,98,1.33,0.03,1.47,"0.04",96,107,"control","yes","Sigma_Special_Diet_Service_Casein_18%",0,"yes","98","ANXIETY","ACTIVITY","Open_Field","3","jumps","#","yes","day","NPD_emb_LPD_females",3.46,0.42,50,1.74,0.46,50,"con_90","no","protein-","protein-.ACTIVITY","PR_act",0,2.9698484809835,3.25269119345812,8.82,10.58,0.552258717198424,0.548021438038334,0.202454734191485,152,0.0409879193965448,0.687383475843195,0.0846252147168875,0.290904133206951
"comp_218","s_18","D_32","A_43","Watkins",2008,"Low protein diet fed exclusively","J044","mice","MF1","protein","-",50,NA,"no","yes","yes","yes","Sigma_Special_Diet_Service_Casein_18%","Sigma_Special_Diet_Service_Casein_9%",-3.5,"0","pregestation",54.5,19,19,"no","single",NA,"12",6,"yes","no","m","group","37.3",NA,37.3,NA,60,52,14,1.26,0.02,1.37,"0.01",82,96,"control","yes","Sigma_Special_Diet_Service_Casein_18%",0,"yes","98","ANXIETY","ACTIVITY","Open_Field","3","distance","cm","yes","day","NPD_LPD_males",189.61,15.13,52,238.61,20.81,60,"con_91","no","protein-","protein-.ACTIVITY","PR_act",0,109.10398159554,161.193566869153,11903.6788,25983.366,-0.351297256975725,-0.348896592349467,0.190920791876786,112,0.0364507487708589,-0.229861088887821,0.0139734858917681,0.118209500006421
"comp_219","s_18","D_32","A_43","Watkins",2008,"Low protein diet fed exclusively","J044","mice","MF1","protein","-",50,NA,"no","yes","yes","yes","Sigma_Special_Diet_Service_Casein_18%","Sigma_Special_Diet_Service_Casein_9%",-3.5,"0","pregestation",54.5,19,19,"no","single",NA,"12",6,"yes","no","m","group","37.3",NA,37.3,NA,60,52,14,1.26,0.02,1.37,"0.01",82,96,"control","yes","Sigma_Special_Diet_Service_Casein_18%",0,"yes","98","ANXIETY","ACTIVITY","Open_Field","3","resting","sec","no","day","NPD_LPD_males",114.6,3.78,52,114.41,3.78,60,"con_92","no","protein-","protein-.ACTIVITY","PR_act",0,27.2579676425078,29.2797540973281,742.9968,857.304,0.00669950429467484,-0.00665372180518959,0.189466717747109,112,0.0358976371338625,-0.00165931656778667,0.00217954374470483,0.0466855839066497
"comp_220","s_18","D_32","A_43","Watkins",2008,"Low protein diet fed exclusively","J044","mice","MF1","protein","-",50,NA,"no","yes","yes","yes","Sigma_Special_Diet_Service_Casein_18%","Sigma_Special_Diet_Service_Casein_9%",-3.5,"0","pregestation",54.5,19,19,"no","single",NA,"12",6,"yes","no","m","group","37.3",NA,37.3,NA,60,52,14,1.26,0.02,1.37,"0.01",82,96,"control","yes","Sigma_Special_Diet_Service_Casein_18%",0,"yes","98","ANXIETY","ACTIVITY","Open_Field","3","velocity","cm/3 mins","yes","day","NPD_LPD_males",260.94,32.16,52,171.83,26.48,60,"con_93","no","protein-","protein-.ACTIVITY","PR_act",0,231.909058037844,205.113198015145,53781.8112,42071.424,0.4088613409768,0.406067299922289,0.191433902069025,112,0.0366469388613731,0.417784879878948,0.0389383531110698,0.197328034275594
"comp_222","s_18","D_32","A_43","Watkins",2008,"Low protein diet fed exclusively","J044","mice","MF1","protein","-",50,NA,"no","yes","yes","yes","Sigma_Special_Diet_Service_Casein_18%","Sigma_Special_Diet_Service_Casein_9%",-3.5,"0","pregestation",54.5,19,19,"no","single",NA,"12",6,"yes","no","m","group","37.3",NA,37.3,NA,60,52,14,1.26,0.02,1.37,"0.01",82,96,"control","yes","Sigma_Special_Diet_Service_Casein_18%",0,"yes","98","ANXIETY","ACTIVITY","Open_Field","3","jumps","#","yes","day","NPD_LPD_males",1.82,0.38,52,2.74,0.59,60,"con_95","no","protein-","protein-.ACTIVITY","PR_act",0,2.74021896935263,4.57012034852475,7.5088,20.886,-0.240086616793982,-0.238445933763499,0.190146980957127,112,0.0361558743671102,-0.409121419311275,0.0899601176350773,0.299933522026261
"comp_223","s_18","D_32","A_44","Watkins",2008,"Low protein diet fed exclusively","J044","mice","MF1","protein","-",50,NA,"no","yes","yes","yes","Sigma_Special_Diet_Service_Casein_18%","Sigma_Special_Diet_Service_Casein_9%",-3.5,"0","pregestation",54.5,19,19,"no","single",NA,"12",6,"yes","no","f","group","32.23",0.64,33.63,0.51,54,57,14,1.26,0.02,1.34,"0.01",101,105,"control","yes","Sigma_Special_Diet_Service_Casein_18%",0,"yes","98","ANXIETY","ACTIVITY","Open_Field","3","distance","cm","yes","day","NPD_LPD_females",211.46,15.38,57,241.92,15.38,54,"con_96","no","protein-","protein-.ACTIVITY","PR_act",0,116.116453614464,113.019456732016,13483.0308,12773.3976,-0.265745307287973,-0.263912581030814,0.190740328442539,111,0.0363818728943677,-0.134571237686788,0.00933175360348967,0.0966010020832583
"comp_224","s_18","D_32","A_44","Watkins",2008,"Low protein diet fed exclusively","J044","mice","MF1","protein","-",50,NA,"no","yes","yes","yes","Sigma_Special_Diet_Service_Casein_18%","Sigma_Special_Diet_Service_Casein_9%",-3.5,"0","pregestation",54.5,19,19,"no","single",NA,"12",6,"yes","no","f","group","32.23",0.64,33.63,0.51,54,57,14,1.26,0.02,1.34,"0.01",101,105,"control","yes","Sigma_Special_Diet_Service_Casein_18%",0,"yes","98","ANXIETY","ACTIVITY","Open_Field","3","resting","sec","no","day","NPD_LPD_females",117.17,1.54,57,110.7,1.54,54,"con_97","no","protein-","protein-.ACTIVITY","PR_act",0,11.626745030317,11.3166426116583,135.1812,128.0664,0.5637357804742,-0.559847947505412,0.193649500894425,111,0.0375001291966598,-0.056802031965473,0.000366275297139663,0.0191383201232413
"comp_225","s_18","D_32","A_44","Watkins",2008,"Low protein diet fed exclusively","J044","mice","MF1","protein","-",50,NA,"no","yes","yes","yes","Sigma_Special_Diet_Service_Casein_18%","Sigma_Special_Diet_Service_Casein_9%",-3.5,"0","pregestation",54.5,19,19,"no","single",NA,"12",6,"yes","no","f","group","32.23",0.64,33.63,0.51,54,57,14,1.26,0.02,1.34,"0.01",101,105,"control","yes","Sigma_Special_Diet_Service_Casein_18%",0,"yes","98","ANXIETY","ACTIVITY","Open_Field","3","velocity","cm/3 mins","yes","day","NPD_LPD_females",215.17,26.15,57,137.93,10.77,54,"con_98","no","protein-","protein-.ACTIVITY","PR_act",0,197.42817048233,79.1430135893245,38977.8825,6263.6166,0.508521787604938,0.50501474079387,0.192956694397171,111,0.0372322859126831,0.444682103277931,0.0208669496019447,0.144453970530217
"comp_227","s_18","D_32","A_44","Watkins",2008,"Low protein diet fed exclusively","J044","mice","MF1","protein","-",50,NA,"no","yes","yes","yes","Sigma_Special_Diet_Service_Casein_18%","Sigma_Special_Diet_Service_Casein_9%",-3.5,"0","pregestation",54.5,19,19,"no","single",NA,"12",6,"yes","no","f","group","32.23",0.64,33.63,0.51,54,57,14,1.26,0.02,1.34,"0.01",101,105,"control","yes","Sigma_Special_Diet_Service_Casein_18%",0,"yes","98","ANXIETY","ACTIVITY","Open_Field","3","jumps","#","yes","day","NPD_LPD_females",1.64,0.31,57,3.14,0.49,54,"con_100","no","protein-","protein-.ACTIVITY","PR_act",0,2.34044867493393,3.60074992189127,5.4777,12.9654,-0.496740261046889,-0.493314466143117,0.192817801567063,111,0.0371787046011554,-0.649526558084055,0.0600821207927053,0.245116545326311
"comp_441","s_42","D_80","A_111","Bellinger",2006,"Exposure to undernutrition in fetal","J050","rats","Wistar","protein","-",50,NA,"no","","yes","yes","CRMX_special_Diet_Cambridge_18%Casein","CRMX_special_Diet_Cambridge_9%Casein",0,"7","pre",NA,10,10,"yes","",NA,"12",8,"yes","no","m","","770.05",53.48,689.84,42.78,18,12,396,5.46,0.47,5.49,"0.62",71,38,"control","yes","B&K_Universal_rodent_diet_20%protein",28,"yes","396","ACTIVITY","ACTIVITY","Photocell_device","30","activity","sec","yes","day","con_LPE_day_m",348.84,69.77,4,418.61,55.81,5,"con_158","no","protein-","protein-.ACTIVITY","PR_act",0,139.54,124.794953824263,19471.4116,15573.7805,-0.531309125368467,-0.472274778105304,0.672624996190577,46,0.452424385500374,-0.182326334522097,0.0577770984483928,0.240368671936242
"comp_443","s_42","D_80","A_111","Bellinger",2006,"Exposure to undernutrition in fetal","J050","rats","Wistar","protein","-",50,NA,"no","","yes","yes","CRMX_special_Diet_Cambridge_18%Casein","CRMX_special_Diet_Cambridge_9%Casein",0,"7","pre",NA,10,10,"yes","",NA,"12",8,"yes","no","m","","772.05",53.48,689.84,42.78,18,12,396,5.46,0.47,5.49,"0.62",71,38,"control","yes","B&K_Universal_rodent_diet_20%protein",28,"yes","396","ACTIVITY","ACTIVITY","Photocell_device","30","walking","sec","yes","day","con_LPE_day_m",139.53,34.88,4,160.46,34.88,5,"con_160","no","protein-","protein-.ACTIVITY","PR_act",0,69.76,77.9940510551927,4866.4576,6083.072,-0.280651122079912,-0.249467664071033,0.671324405765404,46,0.450676457776272,-0.139765058421395,0.10974295261963,0.331274738879424
"comp_444","s_42","D_81","A_112","Bellinger",2006,"Exposure to undernutrition in fetal","J050","rats","Wistar","protein","-",50,NA,"no","","yes","yes","CRMX_special_Diet_Cambridge_18%Casein","CRMX_special_Diet_Cambridge_9%Casein",8,"14","pre",NA,10,8,"yes","",NA,"12",8,"yes","no","m","","773.05",53.48,721.93,48.13,18,13,396,5.96,0.6,5.49,"0.62",71,64,"control","yes","B&K_Universal_rodent_diet_20%protein",28,"yes","396","ACTIVITY","ACTIVITY","Photocell_device","30","activity","sec","yes","day","con_LPM_day_m",495.35,34.88,5,418.61,55.81,5,"con_158","no","protein-","protein-.ACTIVITY","PR_act",0,77.9940510551927,124.794953824263,6083.072,15573.7805,0.737461111057633,0.666093906761733,0.636256725364858,46,0.404822620572012,0.168324884538157,0.0227330573531976,0.150774856501996
"comp_446","s_42","D_81","A_112","Bellinger",2006,"Exposure to undernutrition in fetal","J050","rats","Wistar","protein","-",50,NA,"no","","yes","yes","CRMX_special_Diet_Cambridge_18%Casein","CRMX_special_Diet_Cambridge_9%Casein",8,"14","pre",NA,10,8,"yes","",NA,"12",8,"yes","no","m","","775.05",53.48,721.93,48.13,18,13,396,5.96,0.6,5.49,"0.62",71,64,"control","yes","B&K_Universal_rodent_diet_20%protein",28,"yes","396","ACTIVITY","ACTIVITY","Photocell_device","30","walking","sec","yes","day","con_LPM_day_m",209.31,13.96,5,160.46,34.88,5,"con_160","no","protein-","protein-.ACTIVITY","PR_act",0,31.2155089658971,77.9940510551927,974.408,6083.072,0.822346290744539,0.742764391640229,0.637178725025308,46,0.405996727624877,0.265771716293745,0.0517001782937282,0.227376732085164
"comp_447","s_42","D_82","A_113","Bellinger",2006,"Exposure to undernutrition in fetal","J050","rats","Wistar","protein","-",50,NA,"no","","yes","yes","CRMX_special_Diet_Cambridge_18%Casein","CRMX_special_Diet_Cambridge_9%Casein",15,"22","pre",NA,10,10,"yes","",NA,"12",8,"yes","no","m","","776.05",53.48,748.66,53.48,18,21,396,5.47,0.39,5.49,"0.62",71,82,"control","yes","B&K_Universal_rodent_diet_20%protein",28,"yes","396","ACTIVITY","ACTIVITY","Photocell_device","30","activity","sec","yes","day","con_LPL_day_m",439.54,27.91,5,418.61,55.81,5,"con_158","no","protein-","protein-.ACTIVITY","PR_act",0,62.4086572520191,124.794953824263,3894.8405,15573.7805,0.212137101587117,0.191607704659331,0.632770937953311,46,0.400399059918313,0.0487890266171829,0.0218068268424017,0.147671347398206
"comp_449","s_42","D_82","A_113","Bellinger",2006,"Exposure to undernutrition in fetal","J050","rats","Wistar","protein","-",50,NA,"no","","yes","yes","CRMX_special_Diet_Cambridge_18%Casein","CRMX_special_Diet_Cambridge_9%Casein",15,"22","pre",NA,10,10,"yes","",NA,"12",8,"yes","no","m","","778.05",53.48,748.66,53.48,18,21,396,5.47,0.39,5.49,"0.62",71,82,"control","yes","B&K_Universal_rodent_diet_20%protein",28,"yes","396","ACTIVITY","ACTIVITY","Photocell_device","30","walking","sec","yes","day","con_LPL_day_m",167.43,20.93,5,160.46,34.88,5,"con_160","no","protein-","protein-.ACTIVITY","PR_act",0,46.8009027690706,77.9940510551927,2190.3245,6083.072,0.108369197369569,0.0978818556886434,0.632537856382775,46,0.400104139757316,0.042520663142942,0.0628787774528768,0.250756410591787
"comp_450","s_42","D_83","A_114","Bellinger",2006,"Exposure to undernutrition in fetal","J050","rats","Wistar","protein","-",50,NA,"no","","yes","yes","CRMX_special_Diet_Cambridge_18%Casein","CRMX_special_Diet_Cambridge_9%Casein",0,"22","pre",NA,10,11,"yes","",NA,"12",8,"yes","no","m","","779.05",53.48,721.93,48.13,18,18,396,5.76,0.42,5.49,"0.62",71,86,"control","yes","B&K_Universal_rodent_diet_20%protein",28,"yes","396","ACTIVITY","ACTIVITY","Photocell_device","30","activity","sec","yes","day","con_LPA_day_m",425.58,34.88,5,418.61,55.81,5,"con_158","no","protein-","protein-.ACTIVITY","PR_act",0,77.9940510551927,124.794953824263,6083.072,15573.7805,0.0669807654948095,0.0604987559307957,0.632486983020111,46,0.400039783689882,0.0165132455611684,0.0244920399436885,0.156499328892135
"comp_452","s_42","D_83","A_114","Bellinger",2006,"Exposure to undernutrition in fetal","J050","rats","Wistar","protein","-",50,NA,"no","","yes","yes","CRMX_special_Diet_Cambridge_18%Casein","CRMX_special_Diet_Cambridge_9%Casein",0,"22","pre",NA,10,11,"yes","",NA,"12",8,"yes","no","m","","781.05",53.48,721.93,48.13,18,18,396,5.76,0.42,5.49,"0.62",71,86,"control","yes","B&K_Universal_rodent_diet_20%protein",28,"yes","396","ACTIVITY","ACTIVITY","Photocell_device","30","walking","sec","yes","day","con_LPA_day_m",160.46,27.91,5,160.46,34.88,5,"con_160","no","protein-","protein-.ACTIVITY","PR_act",0,62.4086572520191,77.9940510551927,3894.8405,6083.072,0,0,0.632455532033676,46,0.4,0,0.0775061404619018,0.278399246518201
"comp_453","s_42","D_80","A_115","Bellinger",2006,"Exposure to undernutrition in fetal","J050","rats","Wistar","protein","-",50,NA,"no","","yes","yes","CRMX_special_Diet_Cambridge_18%Casein","CRMX_special_Diet_Cambridge_9%Casein",0,"7","pre",NA,10,10,"yes","",NA,"12",8,"yes","no","f","","481.92",4738.3,395.75,25.53,19,17,396,5.31,0.57,5.36,"0.55",73,43,"control","yes","B&K_Universal_rodent_diet_20%protein",28,"yes","396","ACTIVITY","ACTIVITY","Photocell_device","30","activity","sec","yes","day","con_LPE_day_f",341.86,6.98,5,418.61,48.84,5,"con_158","no","protein-","protein-.ACTIVITY","PR_act",0,15.6077544829485,109.20956002109,243.602,11926.728,-0.983880163911492,-0.888665954500703,0.639205750187452,46,0.408583991072703,-0.20253840235276,0.0140292019183789,0.118444932007997
"comp_455","s_42","D_80","A_115","Bellinger",2006,"Exposure to undernutrition in fetal","J050","rats","Wistar","protein","-",50,NA,"no","","yes","yes","CRMX_special_Diet_Cambridge_18%Casein","CRMX_special_Diet_Cambridge_9%Casein",0,"7","pre",NA,10,10,"yes","",NA,"12",8,"yes","no","f","","481.92",4738.3,397.75,25.53,19,17,396,5.31,0.57,5.36,"0.55",73,43,"control","yes","B&K_Universal_rodent_diet_20%protein",28,"yes","396","ACTIVITY","ACTIVITY","Photocell_device","30","walking","sec","yes","day","con_LPE_day_f",188.37,6.98,5,202.33,20.93,5,"con_160","no","protein-","protein-.ACTIVITY","PR_act",0,15.6077544829485,46.8009027690706,243.602,2190.3245,-0.400171989583211,-0.361445668010642,0.633577171536861,46,0.401420032292648,-0.0714919139969755,0.0120738937858677,0.109881271315305
"comp_456","s_42","D_81","A_116","Bellinger",2006,"Exposure to undernutrition in fetal","J050","rats","Wistar","protein","-",50,NA,"no","","yes","yes","CRMX_special_Diet_Cambridge_18%Casein","CRMX_special_Diet_Cambridge_9%Casein",8,"14","pre",NA,10,8,"yes","",NA,"12",8,"yes","no","f","","382.98",25.53,398.75,25.53,19,15,396,5.64,0.58,5.36,"0.55",73,52,"control","yes","B&K_Universal_rodent_diet_20%protein",28,"yes","396","ACTIVITY","ACTIVITY","Photocell_device","30","activity","sec","yes","day","con_LPM_day_f",488.37,34.88,5,418.61,48.84,5,"con_158","no","protein-","protein-.ACTIVITY","PR_act",0,77.9940510551927,109.20956002109,6083.072,11926.728,0.735134872427032,0.663992787998609,0.636232853382298,46,0.40479224372298,0.154133616407646,0.0187133150002511,0.136796619111187
"comp_458","s_42","D_81","A_116","Bellinger",2006,"Exposure to undernutrition in fetal","J050","rats","Wistar","protein","-",50,NA,"no","","yes","yes","CRMX_special_Diet_Cambridge_18%Casein","CRMX_special_Diet_Cambridge_9%Casein",8,"14","pre",NA,10,8,"yes","",NA,"12",8,"yes","no","f","","382.98",25.53,400.75,25.53,19,15,396,5.64,0.58,5.36,"0.55",73,52,"control","yes","B&K_Universal_rodent_diet_20%protein",28,"yes","396","ACTIVITY","ACTIVITY","Photocell_device","30","walking","sec","yes","day","con_LPM_day_f",209.3,20.93,5,202.33,20.93,5,"con_160","no","protein-","protein-.ACTIVITY","PR_act",0,46.8009027690706,46.8009027690706,2190.3245,2190.3245,0.148928751105337,0.13451629132095,0.632611002741388,46,0.400196680789465,0.0338686016608508,0.0207008405698874,0.143877866852019
"comp_459","s_42","D_82","A_117","Bellinger",2006,"Exposure to undernutrition in fetal","J050","rats","Wistar","protein","-",50,NA,"no","","yes","yes","CRMX_special_Diet_Cambridge_18%Casein","CRMX_special_Diet_Cambridge_9%Casein",15,"22","pre",NA,10,10,"yes","",NA,"12",8,"yes","no","f","","411.7",25.62,401.75,25.53,19,15,396,5.16,0.4,5.36,"0.55",73,73,"control","yes","B&K_Universal_rodent_diet_20%protein",28,"yes","396","ACTIVITY","ACTIVITY","Photocell_device","30","activity","sec","yes","day","con_LPL_day_f",446.51,20.93,7,418.61,48.84,5,"con_158","no","protein-","protein-.ACTIVITY","PR_act",0,55.3755749405819,109.20956002109,3066.4543,11926.728,0.343150750764843,0.316754539167548,0.586470565080528,46,0.343947723705874,0.064522097601449,0.0158095516571247,0.125736039611261
"comp_461","s_42","D_82","A_117","Bellinger",2006,"Exposure to undernutrition in fetal","J050","rats","Wistar","protein","-",50,NA,"no","","yes","yes","CRMX_special_Diet_Cambridge_18%Casein","CRMX_special_Diet_Cambridge_9%Casein",15,"22","pre",NA,10,10,"yes","",NA,"12",8,"yes","no","f","","411.7",25.62,403.75,25.53,19,15,396,5.16,0.4,5.36,"0.55",73,73,"control","yes","B&K_Universal_rodent_diet_20%protein",28,"yes","396","ACTIVITY","ACTIVITY","Photocell_device","30","walking","sec","yes","day","con_LPL_day_f",174.42,20.93,7,202.33,20.93,5,"con_160","no","protein-","protein-.ACTIVITY","PR_act",0,55.3755749405819,46.8009027690706,3066.4543,2190.3245,-0.535543513370013,-0.494347858495397,0.587803917210124,46,0.345513445087567,-0.148433843992264,0.0251002901795498,0.15843071097344
"comp_462","s_42","D_83","A_118","Bellinger",2006,"Exposure to undernutrition in fetal","J050","rats","Wistar","protein","-",50,NA,"no","","yes","yes","CRMX_special_Diet_Cambridge_18%Casein","CRMX_special_Diet_Cambridge_9%Casein",0,"22","pre",NA,10,11,"yes","",NA,"12",8,"yes","no","f","","389.36",25.53,404.75,25.53,19,19,396,5.44,0.32,5.36,"0.55",73,87,"control","yes","B&K_Universal_rodent_diet_20%protein",28,"yes","396","ACTIVITY","ACTIVITY","Photocell_device","30","activity","sec","yes","day","con_LPA_day_f",425.58,34.88,5,418.61,48.84,5,"con_158","no","protein-","protein-.ACTIVITY","PR_act",0,77.9940510551927,109.20956002109,6083.072,11926.728,0.0734502588993175,0.0663421693284158,0.632493351773199,46,0.400047840037296,0.0165132455611684,0.0203295536816714,0.142581743858291
"comp_464","s_42","D_83","A_118","Bellinger",2006,"Exposure to undernutrition in fetal","J050","rats","Wistar","protein","-",50,NA,"no","","yes","yes","CRMX_special_Diet_Cambridge_18%Casein","CRMX_special_Diet_Cambridge_9%Casein",0,"22","pre",NA,10,11,"yes","",NA,"12",8,"yes","no","f","","389.36",25.53,406.75,25.53,19,19,396,5.44,0.32,5.36,"0.55",73,87,"control","yes","B&K_Universal_rodent_diet_20%protein",28,"yes","396","ACTIVITY","ACTIVITY","Photocell_device","30","walking","sec","yes","day","con_LPA_day_f",216.28,20.93,5,202.33,20.93,5,"con_160","no","protein-","protein-.ACTIVITY","PR_act",0,46.8009027690706,46.8009027690706,2190.3245,2190.3245,0.298071173302647,0.269225575886262,0.633078077562586,46,0.40078785229034,0.0666738367227009,0.0200657964325057,0.141653790745273
"comp_465","s_42","D_80","A_111","Bellinger",2006,"Exposure to undernutrition in fetal","J050","rats","Wistar","protein","-",50,NA,"no","","yes","yes","CRMX_special_Diet_Cambridge_18%Casein","CRMX_special_Diet_Cambridge_9%Casein",0,"7","pre",NA,10,10,"yes","",NA,"12",8,"yes","no","m","","770.05",53.48,689.84,42.78,18,12,396,5.46,0.47,5.49,"0.62",71,38,"control","yes","B&K_Universal_rodent_diet_20%protein",28,"yes","396","ACTIVITY","ACTIVITY","Photocell_device","30","activity","sec","yes","night","con_LPE_night_m",526.01,8.09,4,493.64,56.65,5,"con_161","no","protein-","protein-.ACTIVITY","PR_act",0,16.18,126.673250925363,261.7924,16046.1125,0.335997358846686,0.298664318974832,0.672204091890822,24,0.451858341154765,0.0635137173788567,0.013406341253301,0.115785755830763
"comp_467","s_42","D_80","A_111","Bellinger",2006,"Exposure to undernutrition in fetal","J050","rats","Wistar","protein","-",50,NA,"no","","yes","yes","CRMX_special_Diet_Cambridge_18%Casein","CRMX_special_Diet_Cambridge_9%Casein",0,"7","pre",NA,10,10,"yes","",NA,"12",8,"yes","no","m","","772.05",53.48,689.84,42.78,18,12,396,5.46,0.47,5.49,"0.62",71,38,"control","yes","B&K_Universal_rodent_diet_20%protein",28,"yes","396","ACTIVITY","ACTIVITY","Photocell_device","30","walking","sec","yes","night","con_LPE_night_m",234.68,8.1,4,202.31,32.37,5,"con_163","no","protein-","protein-.ACTIVITY","PR_act",0,16.2,72.3815204316682,262.44,5239.0845,0.580798405149874,0.51626524902211,0.674946445519752,24,0.455552704319747,0.148421709568337,0.0267919237453944,0.163682386790376
"comp_468","s_42","D_81","A_112","Bellinger",2006,"Exposure to undernutrition in fetal","J050","rats","Wistar","protein","-",50,NA,"no","","yes","yes","CRMX_special_Diet_Cambridge_18%Casein","CRMX_special_Diet_Cambridge_9%Casein",8,"14","pre",NA,10,8,"yes","",NA,"12",8,"yes","no","m","","773.05",53.48,721.93,48.13,18,13,396,5.96,0.6,5.49,"0.62",71,64,"control","yes","B&K_Universal_rodent_diet_20%protein",28,"yes","396","ACTIVITY","ACTIVITY","Photocell_device","30","activity","sec","yes","night","con_LPM_night_m",566.47,32.37,5,493.64,56.65,5,"con_161","no","protein-","protein-.ACTIVITY","PR_act",0,72.3815204316682,126.673250925363,5239.0845,16046.1125,0.705970365013134,0.637650652269928,0.639117202904722,24,0.408470799048756,0.137617615728834,0.0164351625956106,0.12819969811045
"comp_470","s_42","D_81","A_112","Bellinger",2006,"Exposure to undernutrition in fetal","J050","rats","Wistar","protein","-",50,NA,"no","","yes","yes","CRMX_special_Diet_Cambridge_18%Casein","CRMX_special_Diet_Cambridge_9%Casein",8,"14","pre",NA,10,8,"yes","",NA,"12",8,"yes","no","m","","775.05",53.48,721.93,48.13,18,13,396,5.96,0.6,5.49,"0.62",71,64,"control","yes","B&K_Universal_rodent_diet_20%protein",28,"yes","396","ACTIVITY","ACTIVITY","Photocell_device","30","walking","sec","yes","night","con_LPM_night_m",242.77,24.28,5,202.31,32.37,5,"con_163","no","protein-","protein-.ACTIVITY","PR_act",0,54.2917304936949,72.3815204316682,2947.592,5239.0845,0.63239301094369,0.571193687303978,0.637806498680176,24,0.406797129758665,0.182313318577693,0.0356031043240753,0.18868784890415
"comp_471","s_42","D_82","A_113","Bellinger",2006,"Exposure to undernutrition in fetal","J050","rats","Wistar","protein","-",50,NA,"no","","yes","yes","CRMX_special_Diet_Cambridge_18%Casein","CRMX_special_Diet_Cambridge_9%Casein",15,"22","pre",NA,10,10,"yes","",NA,"12",8,"yes","no","m","","776.05",53.48,748.66,53.48,18,21,396,5.47,0.39,5.49,"0.62",71,82,"control","yes","B&K_Universal_rodent_diet_20%protein",28,"yes","396","ACTIVITY","ACTIVITY","Photocell_device","30","activity","sec","yes","night","con_LPL_night_m",477.46,56.65,5,493.64,56.65,5,"con_161","no","protein-","protein-.ACTIVITY","PR_act",0,126.673250925363,126.673250925363,16046.1125,16046.1125,-0.127730202562918,-0.11536921521812,0.632674713284468,24,0.400277292829584,-0.0333261198065775,0.0272473087154526,0.165067588325063
"comp_473","s_42","D_82","A_113","Bellinger",2006,"Exposure to undernutrition in fetal","J050","rats","Wistar","protein","-",50,NA,"no","","yes","yes","CRMX_special_Diet_Cambridge_18%Casein","CRMX_special_Diet_Cambridge_9%Casein",15,"22","pre",NA,10,10,"yes","",NA,"12",8,"yes","no","m","","778.05",53.48,748.66,53.48,18,21,396,5.47,0.39,5.49,"0.62",71,82,"control","yes","B&K_Universal_rodent_diet_20%protein",28,"yes","396","ACTIVITY","ACTIVITY","Photocell_device","30","walking","sec","yes","night","con_LPL_night_m",226.59,24.28,5,202.31,32.37,5,"con_163","no","protein-","protein-.ACTIVITY","PR_act",0,54.2917304936949,72.3815204316682,2947.592,5239.0845,0.379498326883658,0.342772682346529,0.634387715172457,24,0.40244777316173,0.113341042504144,0.0370825888998261,0.192568400574513
"comp_474","s_42","D_83","A_114","Bellinger",2006,"Exposure to undernutrition in fetal","J050","rats","Wistar","protein","-",50,NA,"no","","yes","yes","CRMX_special_Diet_Cambridge_18%Casein","CRMX_special_Diet_Cambridge_9%Casein",0,"22","pre",NA,10,11,"yes","",NA,"12",8,"yes","no","m","","779.05",53.48,721.93,48.13,18,18,396,5.76,0.42,5.49,"0.62",71,86,"control","yes","B&K_Universal_rodent_diet_20%protein",28,"yes","396","ACTIVITY","ACTIVITY","Photocell_device","30","activity","sec","yes","night","con_LPA_night_m",477.46,56.65,5,493.64,56.65,5,"con_161","no","protein-","protein-.ACTIVITY","PR_act",0,126.673250925363,126.673250925363,16046.1125,16046.1125,-0.127730202562918,-0.11536921521812,0.632674713284468,24,0.400277292829584,-0.0333261198065775,0.0272473087154526,0.165067588325063
"comp_476","s_42","D_83","A_114","Bellinger",2006,"Exposure to undernutrition in fetal","J050","rats","Wistar","protein","-",50,NA,"no","","yes","yes","CRMX_special_Diet_Cambridge_18%Casein","CRMX_special_Diet_Cambridge_9%Casein",0,"22","pre",NA,10,11,"yes","",NA,"12",8,"yes","no","m","","781.05",53.48,721.93,48.13,18,18,396,5.76,0.42,5.49,"0.62",71,86,"control","yes","B&K_Universal_rodent_diet_20%protein",28,"yes","396","ACTIVITY","ACTIVITY","Photocell_device","30","walking","sec","yes","night","con_LPA_night_m",202.31,40.47,5,202.31,32.37,5,"con_163","no","protein-","protein-.ACTIVITY","PR_act",0,90.4936710494165,72.3815204316682,8189.1045,5239.0845,0,0,0.632455532033676,24,0.4,0,0.0656164515700512,0.256157083778785
"comp_477","s_42","D_80","A_115","Bellinger",2006,"Exposure to undernutrition in fetal","J050","rats","Wistar","protein","-",50,NA,"no","","yes","yes","CRMX_special_Diet_Cambridge_18%Casein","CRMX_special_Diet_Cambridge_9%Casein",0,"7","pre",NA,10,10,"yes","",NA,"12",8,"yes","no","f","","481.92",4738.3,395.75,25.53,19,17,396,5.31,0.57,5.36,"0.55",73,43,"control","yes","B&K_Universal_rodent_diet_20%protein",28,"yes","396","ACTIVITY","ACTIVITY","Photocell_device","30","activity","sec","yes","night","con_LPE_night_f",501.73,56.65,5,509.83,40.46,5,"con_164","no","protein-","protein-.ACTIVITY","PR_act",0,126.673250925363,90.4713103696415,16046.1125,8185.058,-0.0735889862119144,-0.066467471417213,0.632520207915461,27,0.400081813421419,-0.0160152104234275,0.0190464933662811,0.138009033640125
"comp_479","s_42","D_80","A_115","Bellinger",2006,"Exposure to undernutrition in fetal","J050","rats","Wistar","protein","-",50,NA,"no","","yes","yes","CRMX_special_Diet_Cambridge_18%Casein","CRMX_special_Diet_Cambridge_9%Casein",0,"7","pre",NA,10,10,"yes","",NA,"12",8,"yes","no","f","","481.92",4738.3,397.75,25.53,19,17,396,5.31,0.57,5.36,"0.55",73,43,"control","yes","B&K_Universal_rodent_diet_20%protein",28,"yes","396","ACTIVITY","ACTIVITY","Photocell_device","30","walking","sec","yes","night","con_LPE_night_f",242.78,32.37,5,226.59,16.18,5,"con_166","no","protein-","protein-.ACTIVITY","PR_act",0,72.3815204316682,36.1795798759466,5239.0845,1308.962,0.282947570439802,0.255565547494014,0.633411014959158,27,0.401209513871591,0.0690134664761914,0.0228759345030897,0.151247923962908
"comp_480","s_42","D_81","A_116","Bellinger",2006,"Exposure to undernutrition in fetal","J050","rats","Wistar","protein","-",50,NA,"no","","yes","yes","CRMX_special_Diet_Cambridge_18%Casein","CRMX_special_Diet_Cambridge_9%Casein",8,"14","pre",NA,10,8,"yes","",NA,"12",8,"yes","no","f","","382.98",25.53,398.75,25.53,19,15,396,5.64,0.58,5.36,"0.55",73,52,"control","yes","B&K_Universal_rodent_diet_20%protein",28,"yes","396","ACTIVITY","ACTIVITY","Photocell_device","30","activity","sec","yes","night","con_LPM_night_f",501.73,56.65,5,509.83,40.46,5,"con_164","no","protein-","protein-.ACTIVITY","PR_act",0,126.673250925363,90.4713103696415,16046.1125,8185.058,-0.0735889862119144,-0.066467471417213,0.632520207915461,27,0.400081813421419,-0.0160152104234275,0.0190464933662811,0.138009033640125
"comp_482","s_42","D_81","A_116","Bellinger",2006,"Exposure to undernutrition in fetal","J050","rats","Wistar","protein","-",50,NA,"no","","yes","yes","CRMX_special_Diet_Cambridge_18%Casein","CRMX_special_Diet_Cambridge_9%Casein",8,"14","pre",NA,10,8,"yes","",NA,"12",8,"yes","no","f","","382.98",25.53,400.75,25.53,19,15,396,5.64,0.58,5.36,"0.55",73,52,"control","yes","B&K_Universal_rodent_diet_20%protein",28,"yes","396","ACTIVITY","ACTIVITY","Photocell_device","30","walking","sec","yes","night","con_LPM_night_f",242.78,40.46,5,226.59,16.18,5,"con_166","no","protein-","protein-.ACTIVITY","PR_act",0,90.4713103696415,36.1795798759466,8185.058,1308.962,0.234983179291717,0.212242871618325,0.633114685014182,27,0.400834204380607,0.0690134664761914,0.0328720903256541,0.181306619641022
"comp_483","s_42","D_82","A_117","Bellinger",2006,"Exposure to undernutrition in fetal","J050","rats","Wistar","protein","-",50,NA,"no","","yes","yes","CRMX_special_Diet_Cambridge_18%Casein","CRMX_special_Diet_Cambridge_9%Casein",15,"22","pre",NA,10,10,"yes","",NA,"12",8,"yes","no","f","","411.7",25.62,401.75,25.53,19,15,396,5.16,0.4,5.36,"0.55",73,73,"control","yes","B&K_Universal_rodent_diet_20%protein",28,"yes","396","ACTIVITY","ACTIVITY","Photocell_device","30","activity","sec","yes","night","con_LPL_night_f",428.9,16.19,7,509.83,40.46,5,"con_164","no","protein-","protein-.ACTIVITY","PR_act",0,42.8347137261357,90.4713103696415,1834.8127,8185.058,-1.22355906260299,-1.12943913471045,0.605375892919267,27,0.3664799717278,-0.172853545294299,0.00772286660273976,0.0878798418452136
"comp_485","s_42","D_82","A_117","Bellinger",2006,"Exposure to undernutrition in fetal","J050","rats","Wistar","protein","-",50,NA,"no","","yes","yes","CRMX_special_Diet_Cambridge_18%Casein","CRMX_special_Diet_Cambridge_9%Casein",15,"22","pre",NA,10,10,"yes","",NA,"12",8,"yes","no","f","","411.7",25.62,403.75,25.53,19,15,396,5.16,0.4,5.36,"0.55",73,73,"control","yes","B&K_Universal_rodent_diet_20%protein",28,"yes","396","ACTIVITY","ACTIVITY","Photocell_device","30","walking","sec","yes","night","con_LPL_night_f",202.31,8.09,7,226.59,16.18,5,"con_166","no","protein-","protein-.ACTIVITY","PR_act",0,21.4041281065125,36.1795798759466,458.1367,1308.962,-0.859251394137251,-0.79315513304977,0.595404947468355,27,0.354507051469795,-0.113341042504144,0.00669794007864143,0.0818409437790244
"comp_486","s_42","D_83","A_118","Bellinger",2006,"Exposure to undernutrition in fetal","J050","rats","Wistar","protein","-",50,NA,"no","","yes","yes","CRMX_special_Diet_Cambridge_18%Casein","CRMX_special_Diet_Cambridge_9%Casein",0,"22","pre",NA,10,11,"yes","",NA,"12",8,"yes","no","f","","389.36",25.53,404.75,25.53,19,19,396,5.44,0.32,5.36,"0.55",73,87,"control","yes","B&K_Universal_rodent_diet_20%protein",28,"yes","396","ACTIVITY","ACTIVITY","Photocell_device","30","activity","sec","yes","night","con_LPA_night_f",509.83,56.65,5,509.83,40.46,5,"con_164","no","protein-","protein-.ACTIVITY","PR_act",0,126.673250925363,90.4713103696415,16046.1125,8185.058,0,0,0.632455532033676,27,0.4,0,0.0186446233712532,0.13654531618204
"comp_488","s_42","D_83","A_118","Bellinger",2006,"Exposure to undernutrition in fetal","J050","rats","Wistar","protein","-",50,NA,"no","","yes","yes","CRMX_special_Diet_Cambridge_18%Casein","CRMX_special_Diet_Cambridge_9%Casein",0,"22","pre",NA,10,11,"yes","",NA,"12",8,"yes","no","f","","389.36",25.53,406.75,25.53,19,19,396,5.44,0.32,5.36,"0.55",73,87,"control","yes","B&K_Universal_rodent_diet_20%protein",28,"yes","396","ACTIVITY","ACTIVITY","Photocell_device","30","walking","sec","yes","night","con_LPA_night_f",226.59,24.27,5,226.59,16.18,5,"con_166","no","protein-","protein-.ACTIVITY","PR_act",0,54.2693698139199,36.1795798759466,2945.1645,1308.962,0,0,0.632455532033676,27,0.4,0,0.0165713891736744,0.128729907844581
"comp_489","s_43","D_84","A_119","Duran",2005,"Prenatal protein malnutrition indices a ","J014","rats","Sprague-Dawley","protein","-",24,NA,"no","","yes","yes","Teklad_isocal_25Casein","Teklad_isocal_6Casein",-35,"22","pre",NA,11,10,"no","",NA,"12",8,"yes","yes","m","","536",83,492,85,88,80,88,6.38,0.56,5.61,"0.44",11,10,"control","yes","Purina_Chow_5001",0,"yes","88","ACTIVITY","ACTIVITY","radiotelemetry","1440","activity_duration","min","yes","day","con_malnourished",646,14.23,10,677,16.44,10,"con_167","no","protein-","protein-.ACTIVITY","PR_act",0,44.999211104196,51.9878447331682,2024.929,2702.736,-0.637607393158574,-0.61066623570117,0.458648777855653,20,0.210358701428484,-0.0468717691296731,0.00107492021241082,0.032785975849604
"comp_490","s_43","D_84","A_119","Duran",2005,"Prenatal protein malnutrition indices a ","J014","rats","Sprague-Dawley","protein","-",24,NA,"no","","yes","yes","Teklad_isocal_25Casein","Teklad_isocal_6Casein",-35,"22","pre",NA,11,10,"no","",NA,"12",8,"yes","yes","m","","536",83,492,85,88,80,88,6.38,0.56,5.61,"0.44",11,10,"control","yes","Purina_Chow_5001",0,"yes","88","ACTIVITY","ACTIVITY","radiotelemetry","1440","rest_duration","min","no","day","con_malnourished",791,17.08,10,768,18.34,10,"con_168","no","protein-","protein-.ACTIVITY","PR_act",0,54.0117024356759,57.9961722874881,2917.264,3363.556,0.410425806451985,-0.393083870968098,0.45198681549156,20,0.204292081378202,-0.0295082346199818,0.00103651855945683,0.0321950083003068
"comp_491","s_44","D_85","A_120","Galler",1994,"prenatal protein malnutrition and homr","J009","rats","Sprague-Dawley","protein","-",24,NA,"no","","yes","yes","Teklad_isocal_25Casein","Teklad_isocal_6Casein",-35,"22","pre",NA,17,16,"no","",23,"12",8,"yes","yes","m","dam","",NA,NA,NA,NA,NA,NA,NA,NA,NA,"",NA,NA,"control","yes","Purina_Chow_5001",0,"yes","5","ACTIVITY","ACTIVITY","homecage","3","square_crossed","#","yes","night","6/25_25/25_starting_adjacent",2.13,0.64,15,1.71,0.91,17,"con_169","no","protein-","protein-.ACTIVITY","PR_act",0,2.47870934157275,3.75202611931207,6.144,14.0777,0.13039136126379,0.127104184089072,0.354625794284596,32,0.125759453971981,0.219628609206765,0.373480159589557,0.611130231284263
"comp_492","s_44","D_85","A_121","Galler",1994,"prenatal protein malnutrition and homr","J009","rats","Sprague-Dawley","protein","-",24,NA,"no","","yes","yes","Teklad_isocal_25Casein","Teklad_isocal_6Casein",-35,"22","pre",NA,17,16,"no","",23,"12",8,"yes","yes","f","dam","",NA,NA,NA,NA,NA,NA,NA,NA,NA,"",NA,NA,"control","yes","Purina_Chow_5001",0,"yes","5","ACTIVITY","ACTIVITY","homecage","3","square_crossed","#","yes","night","6/25_25/25_starting_adjacent",1.38,0.61,16,0.94,0.38,17,"con_170","no","protein-","protein-.ACTIVITY","PR_act",0,2.44,1.56678013773471,5.9536,2.4548,0.216045617799913,0.21077621248772,0.34934236454488,33,0.122040087665808,0.383958902887201,0.358811987088774,0.599009171122424
"comp_493","s_44","D_86","A_122","Galler",1994,"prenatal protein malnutrition and homr","J009","rats","Sprague-Dawley","protein","-",24,NA,"no","","yes","yes","Teklad_isocal_25Casein","Teklad_isocal_6Casein",-35,"22","pre",NA,17,16,"no","",23,"12",8,"yes","yes","m","dam","",NA,NA,NA,NA,NA,NA,NA,NA,NA,"",NA,NA,"control","yes","Purina_Chow_5001",0,"yes","5","ACTIVITY","ACTIVITY","homecage","3","square_crossed","#","yes","night","6/25_25/25_starting_home",0.25,0.25,16,1.94,0.8,17,"con_171","no","protein-","protein-.ACTIVITY","PR_act",0,1,3.29848450049413,1,10.88,-0.68429718701184,-0.667607011718868,0.358486017760031,33,0.128512224929445,-2.04898233419513,1.17004995217345,1.08168847279309
"comp_494","s_44","D_86","A_123","Galler",1994,"prenatal protein malnutrition and homr","J009","rats","Sprague-Dawley","protein","-",24,NA,"no","","yes","yes","Teklad_isocal_25Casein","Teklad_isocal_6Casein",-35,"22","pre",NA,17,16,"no","",23,"12",8,"yes","yes","f","dam","",NA,NA,NA,NA,NA,NA,NA,NA,NA,"",NA,NA,"control","yes","Purina_Chow_5001",0,"yes","5","ACTIVITY","ACTIVITY","homecage","3","square_crossed","#","yes","night","6/25_25/25_starting_home",0.88,0.26,16,0.76,0.42,17,"con_172","no","protein-","protein-.ACTIVITY","PR_act",0,1.04,1.73170436275942,1.0816,2.9988,0.0833831589481488,0.0813494233640476,0.348468459076494,33,0.121430266971146,0.146603474191875,0.392695050479614,0.626653852202006
"comp_500","s_47","D_89","A_127","Massaro",1977,"Early protein malnutrition in the","J016","rats","Sprague-Dawley","protein","-",48,NA,"no","yes","yes","yes","Barnes_isocal_25%Casein","Barnes_isocal_12%Casein",22,"29","lact",NA,8,8,"no","single",NA,"12",8,"yes","no","m","pair","97.86",2.45,44.04,5.5,16,16,29,NA,NA,NA,"",NA,NA,"control","yes","Barnes_isocal_25%Casein",29,"yes","29","ACTIVITY","ACTIVITY","homecage_2_pups","720","%_time_ activity","%","yes","night","C_LP",48.86,2.31,16,58.98,1.24,16,"con_177","yes","protein-","protein-.ACTIVITY","PR_act",0,9.24,4.96,85.3776,24.6016,-1.36470955481082,-1.33030511225257,0.393058767694377,32,0.154495194861422,-0.188239337557536,0.00267721509333956,0.0517418118482486
"comp_501","s_47","D_89","A_127","Massaro",1977,"Early protein malnutrition in the","J016","rats","Sprague-Dawley","protein","-",48,NA,"no","yes","yes","yes","Barnes_isocal_25%Casein","Barnes_isocal_12%Casein",22,"29","lact",NA,8,8,"no","single",NA,"12",8,"yes","no","m","pair","97.86",2.45,44.04,5.5,16,16,29,NA,NA,NA,"",NA,NA,"control","yes","Barnes_isocal_25%Casein",29,"yes","29","ACTIVITY","ACTIVITY","homecage_2_pups","720","%_time_ horizontal_lying","%","no","night","C_LP",46.18,2.35,16,59.12,2.06,16,"con_178","yes","protein-","protein-.ACTIVITY","PR_act",0,9.4,8.24,88.36,67.8976,-1.46395827673627,1.42705176555804,0.398674402271292,32,0.158941279026372,0.247022472713597,0.00380370238293312,0.0616741630095871
"comp_504","s_47","D_89","A_127","Massaro",1977,"Early protein malnutrition in the","J016","rats","Sprague-Dawley","protein","-",48,NA,"no","yes","yes","yes","Barnes_isocal_25%Casein","Barnes_isocal_12%Casein",22,"29","lact",NA,8,8,"no","single",NA,"12",8,"yes","no","m","pair","97.86",2.45,44.04,5.5,16,16,29,NA,NA,NA,"",NA,NA,"control","yes","Barnes_isocal_25%Casein",29,"yes","29","ACTIVITY","ACTIVITY","homecage_2_pups","720","%_time_grooming","%","no","night","C_LP",13.08,1.09,16,11.99,1.21,16,"con_181","yes","protein-","protein-.ACTIVITY","PR_act",0,4.36,4.84,19.0096,23.4256,0.236634666973064,-0.230669087133407,0.354805304069686,32,0.125886803795983,-0.0870113769896297,0.0171287723629698,0.130876935947362
"comp_508","s_50","D_92","A_130","Ohishi",2012,"Adolescent hyperactivity of offspring after","J020","rats","CrL:CD","protein","-",50,NA,"no","","yes","yes","CRF-1_basal_diet_Oriental_Yeast_Tokyo_20%casein","CRF-1_basal_diet_Oriental_Yeast_Tokyo_10%casein",10,"43","pre+lact",NA,8,8,"no","single",23,"12",8,"yes","no","m","group","",NA,NA,NA,NA,NA,NA,NA,NA,NA,"",NA,NA,"control","yes","CRF-1_basal_diet_Oriental_Yeast_Tokyo_20%casein",21,"yes","72","ACTIVITY","ACTIVITY","Photocell_device","10","activity","#","yes","day","con_exp_m",446,6.75,16,452,5.75,16,"con_185","no","protein-","protein-.ACTIVITY","PR_act",0,27,23,729,529,-0.23923566684867,-0.233204515583577,0.354832926555785,32,0.125906405768143,-0.0133632278121671,0.000390883892650157,0.0197707838147646
"comp_509","s_50","D_92","A_131","Ohishi",2012,"Adolescent hyperactivity of offspring after","J020","rats","CrL:CD","protein","-",50,NA,"no","","yes","yes","CRF-1_basal_diet_Oriental_Yeast_Tokyo_20%casein","CRF-1_basal_diet_Oriental_Yeast_Tokyo_10%casein",10,"43","pre+lact",NA,8,8,"no","single",23,"12",8,"yes","no","f","group","",NA,NA,NA,NA,NA,NA,NA,NA,NA,"",NA,NA,"control","yes","CRF-1_basal_diet_Oriental_Yeast_Tokyo_20%casein",21,"yes","72","ACTIVITY","ACTIVITY","Photocell_device","10","activity","#","yes","day","con_exp_f",434,6.5,16,379,8.75,16,"con_186","no","protein-","protein-.ACTIVITY","PR_act",0,26,35,676,1225,1.78396622939661,1.73899229084039,0.418809705944564,32,0.175401569793372,0.135508329017978,0.000757322145115631,0.0275194866433884
"comp_510","s_51","D_93","A_132","Qasem",2012,"Elucidation of thrifty features in ","J009","rats","Sprague-Dawley","protein","-",42,NA,"","yes","yes","yes","AIN76A_isocal_19%Casein","AINM76A_isocal_8%Casein",0,"43","pre+lact",84,9,9,"no","single",NA,"",12,"yes","no","m","group","402.17",21.74,304.35,24.46,9,9,92,NA,NA,NA,"",NA,NA,"control","yes","Qasem_lab_chow",28,"yes","91","ACTIVITY","ACTIVITY","Photocell_device","30","Total_distance","cm","yes","day","con_exp_explo_m_day",4875.49,245.13,9,4494.16,136.19,9,"con_187","no","protein-","protein-.ACTIVITY","PR_act",0,735.39,408.57,540798.4521,166929.4449,0.641036581663815,0.610511030156014,0.483600908195916,18,0.233869838407915,0.0814418360636262,0.00344619822850221,0.0587043288736206
"comp_511","s_51","D_93","A_132","Qasem",2012,"Elucidation of thrifty features in ","J009","rats","Sprague-Dawley","protein","-",42,NA,"","yes","yes","yes","AIN76A_isocal_19%Casein","AINM76A_isocal_8%Casein",0,"43","pre+lact",84,9,9,"no","single",NA,"",12,"yes","no","m","group","402.17",21.74,304.35,24.46,9,9,92,NA,NA,NA,"",NA,NA,"control","yes","Qasem_lab_chow",28,"yes","91","ACTIVITY","ACTIVITY","Photocell_device","30","Total_distance","cm","yes","night","con_exp_explo_m_night",4821.01,435.8,9,4848.25,326.85,9,"con_188","no","protein-","protein-.ACTIVITY","PR_act",0,1307.4,980.55,1709294.76,961478.3025,-0.0235723894379947,-0.0224498947028521,0.471421225818909,18,0.222237972152602,-0.00563436541442644,0.012716363635838,0.112766855218358
"comp_512","s_51","D_93","A_133","Qasem",2012,"Elucidation of thrifty features in ","J009","rats","Sprague-Dawley","protein","-",42,NA,"","yes","yes","yes","AIN76A_isocal_19%Casein","AINM76A_isocal_8%Casein",0,"43","pre+lact",84,9,9,"no","single",NA,"",12,"yes","no","f","group","247.34",12.77,201.06,9.57,9,9,92,NA,NA,NA,"",NA,NA,"control","yes","Qasem_lab_chow",28,"yes","91","ACTIVITY","ACTIVITY","Photocell_device","30","Total_distance","cm","yes","day","con_exp_explo_f_day",4865.57,433.89,9,4544.72,289.26,9,"con_189","no","protein-","protein-.ACTIVITY","PR_act",0,1301.67,867.78,1694344.7889,753042.1284,0.290045227864603,0.276233550347241,0.473926948664314,18,0.224606752670267,0.0682177526159105,0.0120032854886994,0.109559506610332
"comp_513","s_51","D_93","A_133","Qasem",2012,"Elucidation of thrifty features in ","J009","rats","Sprague-Dawley","protein","-",42,NA,"","yes","yes","yes","AIN76A_isocal_19%Casein","AINM76A_isocal_8%Casein",0,"43","pre+lact",84,9,9,"no","single",NA,"",12,"yes","no","f","group","247.34",12.77,201.06,9.57,9,9,92,NA,NA,NA,"",NA,NA,"control","yes","Qasem_lab_chow",28,"yes","91","ACTIVITY","ACTIVITY","Photocell_device","30","Total_distance","cm","yes","night","con_exp_explo_f_night",4822.12,549.6,9,4906.35,173.56,9,"con_190","no","protein-","protein-.ACTIVITY","PR_act",0,1648.8,520.68,2718541.44,271107.6624,-0.0688924595045809,-0.0656118661948389,0.471547188389477,18,0.222356750878021,-0.0173166191176995,0.0142416072421799,0.119338205291432
"comp_531","s_57","D_103","A_143","Reyes-Castro",2012,"Pre- and/or postnatal protein","J008","rats","Wistar","protein","-",50,NA,"no","yes","yes","yes","Zambrano_2005_isocal_20%","Zambrano_2005_isocal_10%",0,"43","pre+lact",91,20,20,"yes","single",22,"12",10,"yes","no","m","group","330",13,298,13,8,8,90,5.8,0.07,5.2,"0.01",8,8,"control","yes","Zambrano_2005_isocal_20%",21,"yes","90","ANXIETY","ACTIVITY","EPM","5","T_dist_moved","m","yes","night","cc_rr",16.81,1.58,8,16.67,1.15,8,"con_203","no","protein-","protein-.ACTIVITY","PR_act",0,4.46891485709898,3.25269119345812,19.9712,10.58,0.0358202734473085,0.0338664403501825,0.500010240393188,56,0.250010240498053,0.00836325065782137,0.0135935305058478,0.116591296870083
"comp_532","s_57","D_104","A_144","Reyes-Castro",2012,"Pre- and/or postnatal protein","J008","rats","Wistar","protein","-",50,NA,"no","yes","yes","yes","Zambrano_2005_isocal_20%","Zambrano_2005_isocal_10%",22,"43","lact",91,20,20,"yes","single",22,"12",10,"yes","no","m","group","330",13,281,6,8,8,90,5.8,0.07,5.8,"0.07",8,8,"control","yes","Zambrano_2005_isocal_20%",21,"yes","90","ANXIETY","ACTIVITY","EPM","5","T_dist_moved","m","yes","night","cc_cr",19.54,1.724,8,16.67,1.15,8,"con_203","no","protein-","protein-.ACTIVITY","PR_act",0,4.87620836306243,3.25269119345812,23.777408,10.58,0.692447255747627,0.65467740543412,0.503812274644056,56,0.253826808082017,0.158852949851934,0.0125435008356671,0.11199777156563
"comp_533","s_57","D_105","A_145","Reyes-Castro",2012,"Pre- and/or postnatal protein","J008","rats","Wistar","protein","-",50,NA,"no","yes","yes","yes","Zambrano_2005_isocal_20%","Zambrano_2005_isocal_10%",0,"22","pre",91,20,20,"yes","single",22,"12",10,"yes","no","m","group","330",13,340,7,8,8,90,5.8,0.07,5.2,"0.01",8,8,"control","yes","Zambrano_2005_isocal_20%",21,"yes","90","ANXIETY","ACTIVITY","EPM","5","T_dist_moved","m","yes","night","cc-rc",20.11,1.725,8,16.67,1.15,8,"con_203","no","protein-","protein-.ACTIVITY","PR_act",0,4.87903679018718,3.25269119345812,23.805,10.58,0.829638554354255,0.784385542298568,0.505463548556519,56,0.255493398919348,0.187606507021858,0.0121169991617063,0.110077241797323
"comp_558","s_57","D_103","A_143","Reyes-Castro",2012,"Pre- and/or postnatal protein","J008","rats","Wistar","protein","-",50,NA,"no","yes","yes","yes","Zambrano_2005_isocal_20%","Zambrano_2005_isocal_10%",0,"43","pre+lact",91,20,20,"yes","single",22,"12",10,"yes","no","m","group","330",13,298,13,8,8,90,5.8,0.07,5.2,"0.01",8,8,"control","yes","Zambrano_2005_isocal_20%",21,"yes","90","ANXIETY","ACTIVITY","Open_Field","60","Total_distance","m","yes","night","cc_rr",82,11,8,128.7,9,8,"con_211","no","protein-","protein-.ACTIVITY","PR_act",0,31.1126983722081,25.4558441227157,968,648,-1.64290026694523,-1.55328752511185,0.536375307848725,32,0.287698470869814,-0.450764867337828,0.0228854556084435,0.151279395849017
"comp_559","s_57","D_104","A_144","Reyes-Castro",2012,"Pre- and/or postnatal protein","J008","rats","Wistar","protein","-",50,NA,"no","yes","yes","yes","Zambrano_2005_isocal_20%","Zambrano_2005_isocal_10%",22,"43","lact",91,20,20,"yes","single",22,"12",10,"yes","no","m","group","330",13,281,6,8,8,90,5.8,0.07,5.8,"0.07",8,8,"control","yes","Zambrano_2005_isocal_20%",21,"yes","90","ANXIETY","ACTIVITY","Open_Field","60","Total_distance","m","yes","night","cc_cr",88.1,11.2,8,128.7,9,8,"con_211","no","protein-","protein-.ACTIVITY","PR_act",0,31.6783837971573,25.4558441227157,1003.52,648,-1.41285994431286,-1.33579485644125,0.527143657757525,32,0.277880435913983,-0.379011581659947,0.0210518100195358,0.145092418890636
"comp_560","s_57","D_105","A_145","Reyes-Castro",2012,"Pre- and/or postnatal protein","J008","rats","Wistar","protein","-",50,NA,"no","yes","yes","yes","Zambrano_2005_isocal_20%","Zambrano_2005_isocal_10%",0,"22","pre",91,20,20,"yes","single",22,"12",10,"yes","no","m","group","330",13,340,7,8,8,90,5.8,0.07,5.2,"0.01",8,8,"control","yes","Zambrano_2005_isocal_20%",21,"yes","90","ANXIETY","ACTIVITY","Open_Field","60","Total_distance","m","yes","night","cc-rc",83.5,15.4,8,128.7,9,8,"con_211","no","protein-","protein-.ACTIVITY","PR_act",0,43.5577777210913,25.4558441227157,1897.28,648,-1.26702635956242,-1.19791583085901,0.521940524895777,32,0.272421911528479,-0.432637482745271,0.0389050592427967,0.197243654505783
"comp_561","s_58","D_106","A_146","Velasquez",2010,"Perinatal undernutrition facilitates morphine sensitization","J021","rats","Wistar","protein","-",33,NA,"no","","yes","yes","Velasquez_isocal_24%_Casein","Velasquez_isocal_8%_Casein",14,"52","pre+lact",NA,NA,NA,"","",22,"",8,"yes","no","m","","323",3,271,4,NA,NA,NA,NA,NA,NA,"",NA,NA,"control","yes","Cargill_Pillar_Cordoba_Standard_Lab_Chow",30,"yes","70","ACTIVITY","ACTIVITY","Photocell_device","10","activity","#","yes","day","C_sal_D_sal_A",37.29,3.18,10,51.06,7.42,10,"con_212","no","protein-","protein-.ACTIVITY","PR_act",0,10.0560429593354,23.4641002384494,101.124,550.564,-0.76283230402995,-0.730599953155445,0.463494465133881,20,0.214827119209743,-0.314276217622608,0.0283899405373038,0.168493146855603
"comp_562","s_58","D_107","A_147","Velasquez",2010,"Perinatal undernutrition facilitates morphine sensitization","J021","rats","Wistar","protein","-",33,NA,"no","","yes","yes","Velasquez_isocal_24%_Casein","Velasquez_isocal_8%_Casein",14,"52","pre+lact",NA,NA,NA,"","",22,"",8,"yes","no","m","","323",3,271,4,NA,NA,NA,NA,NA,NA,"",NA,NA,"control","yes","Cargill_Pillar_Cordoba_Standard_Lab_Chow",30,"yes","70","ACTIVITY","ACTIVITY","Photocell_device","10","activity","#","yes","day","C_sal_D_sal_C",37.09,2.12,10,48.74,12.72,10,"con_213","no","protein-","protein-.ACTIVITY","PR_act",0,6.70402863955696,40.2241718373418,44.944,1617.984,-0.40402124280155,-0.386949922683175,0.451839765190435,20,0.204159173407348,-0.273152656695561,0.0713758583806152,0.267162606628651
"comp_563","s_58","D_108","A_148","Velasquez",2010,"Perinatal undernutrition facilitates morphine sensitization","J021","rats","Wistar","protein","-",33,NA,"no","","yes","yes","Velasquez_isocal_24%_Casein","Velasquez_isocal_8%_Casein",14,"52","pre+lact",NA,NA,NA,"","",22,"",8,"yes","no","m","","323",3,271,4,NA,NA,NA,NA,NA,NA,"",NA,NA,"control","yes","Cargill_Pillar_Cordoba_Standard_Lab_Chow",30,"yes","70","ACTIVITY","ACTIVITY","Photocell_device","10","activity","#","yes","day","C_sal_D_sal_E",36.47,3.2,9,52.47,11.73,10,"con_214","no","protein-","protein-.ACTIVITY","PR_act",0,9.6,37.0935169537751,92.16,1375.929,-0.575926307558185,-0.550138562443639,0.469055064360168,19,0.220012653401922,-0.363751572878032,0.0576763228631145,0.240158953326988
"comp_564","s_58","D_109","A_149","Velasquez",2010,"Perinatal undernutrition facilitates morphine sensitization","J021","rats","Wistar","protein","-",33,NA,"no","","yes","yes","Velasquez_isocal_24%_Casein","Velasquez_isocal_8%_Casein",14,"52","pre+lact",NA,NA,NA,"","",22,"",8,"yes","no","m","","323",3,271,4,NA,NA,NA,NA,NA,NA,"",NA,NA,"control","yes","Cargill_Pillar_Cordoba_Standard_Lab_Chow",30,"yes","70","ACTIVITY","ACTIVITY","Photocell_device","10","activity","#","yes","day","C_sal_D_sal_G",45.26,2.11,10,52.63,12.63,13,"con_215","no","protein-","protein-.ACTIVITY","PR_act",0,6.67240586295528,45.5381126091102,44.521,2073.7197,-0.21239430208888,-0.20471739960374,0.421806727476599,23,0.177920915344518,-0.150862659160296,0.0597624369176998,0.244463569714794
"comp_599","s_62","D_118","A_158","Palmer",2008,"Prenatal protein deprivation alters dopamine","J031","rats","Sprague-Dawley","protein","-",24,NA,"no","yes","yes","yes","Teklad_isocal_25Casein","Teklad_isocal_6Casein",-35,"0","pregestation",NA,12,12,"no","single",NA,"12",8,"yes","yes","m","group","192.2",2.6,184.8,5.5,25,21,37,6.8,0.1,5.9,"0.2",25,21,"control","yes","see comments",25,"yes","37","ACTIVITY","ACTIVITY","Photocell_device","15","activity_counts","#","yes","day","NP_PD_m",576,132,18,648,0,22,"con_228","no","protein-","protein-.ACTIVITY","PR_act",0,560.028570699746,0,313632,0,-0.192216050862154,-0.188397188924496,0.318554737458728,40,0.101477120757399,-0.117783035656384,0.0525173611111111,0.229166666666667
"comp_600","s_62","D_118","A_159","Palmer",2008,"Prenatal protein deprivation alters dopamine","J031","rats","Sprague-Dawley","protein","-",24,NA,"no","yes","yes","yes","Teklad_isocal_25Casein","Teklad_isocal_6Casein",-35,"0","pregestation",NA,12,12,"no","single",NA,"12",8,"yes","yes","f","group","163.5",2.8,154,4.1,27,17,37,6.4,0.1,5.4,"0.2",27,17,"control","yes","see comments",25,"yes","37","ACTIVITY","ACTIVITY","Photocell_device","15","activity_counts","#","yes","day","NP_PD_f",774.91,0,16,882.05,166.66,22,"con_229","no","protein-","protein-.ACTIVITY","PR_act",0,0,781.704690532173,0,611062.2232,-0.179452919060528,-0.175688172506811,0.329216106132896,38,0.108383244537306,-0.129501850164824,0.0357006683323839,0.18894620486367
"comp_602","s_63","D_119","A_160","Almeida",1993,"Effects of early protein malnutrition","J009","rats","Wistar","protein","-",32,NA,"no","yes","yes","yes","Barnes_isocal_25%Casein","Barnes_isocal_8%Casein",22,"43","lact",NA,NA,NA,"no","single",24,"12",6,"yes","yes","m","single","333.7",7.9,296.9,11.5,10,10,70,NA,NA,NA,"",NA,NA,"control","yes","Almeida_lab_chow",21,"yes","70","ACTIVITY","ACTIVITY","EPM","5","total_arm_entries","#","yes","day","con_exp",12.3,1.48,10,11.41,1.48,10,"con_231","no","protein-","protein-.ACTIVITY","PR_act",0,4.6801709370492,4.6801709370492,21.904,21.904,0.190163994429045,0.182128896072888,0.448242584830058,20,0.200921414855131,0.0751090985043877,0.0313030409903986,0.176926654267803
"comp_606","s_64","D_120","A_161","Couthino",2013,"Intrauterine protein restriction combined with","J056","rats","Wistar","protein","-",35,NA,"yes","yes","yes","yes","Couthino_isocal_17%Casein","Couthino_isocal_6%Casein",0,"43","pre+lact",85,NA,NA,"no","single",24,"12",4,"yes","no","m","single","422.8",8.2,413.7,9.5,6,6,90,NA,NA,NA,"",NA,NA,"control","yes","Couthino_isocal_12%Casein",21,"yes","90","ACTIVITY","ACTIVITY","Photocell_device","720","counts","#","yes","night","CO_LO",4683,407,6,7223,515,6,"con_235","no","protein-","protein-.ACTIVITY","PR_act",0,996.942325312753,1261.48721753334,993894,1591350,-2.23407600990966,-2.06222400914737,0.738898996161537,12,0.545971726528527,-0.433331448867305,0.0126370575193585,0.112414667723382
"comp_607","s_64","D_121","A_162","Couthino",2013,"Intrauterine protein restriction combined with","J056","rats","Wistar","protein","-",35,NA,"yes","yes","yes","yes","Couthino_isocal_17%Casein","Couthino_isocal_6%Casein",0,"43","pre+lact",85,NA,NA,"no","single",24,"12",8,"yes","no","m","single","372.3",6.1,371.5,13.9,6,6,90,NA,NA,NA,"",NA,NA,"control","yes","Couthino_isocal_12%Casein",21,"yes","90","ACTIVITY","ACTIVITY","Photocell_device","720","counts","#","yes","night","CC_LC",5534,563,6,6609,368,6,"con_236","no","protein-","protein-.ACTIVITY","PR_act",0,1379.06272518693,901.412225344209,1901814,812544,-0.922762418696579,-0.851780694181457,0.607955467844764,12,0.369609850882346,-0.177521475123582,0.0134504011698534,0.115975864600586
"comp_608","s_65","D_122","A_163","Frankova",1968,"Influence of malnutrition in early","J006","rats","Holzman","protein","-",48,NA,"no","yes","yes","yes","Barnes_isocal_25%Casein","Barnes_isocal_12%Casein",22,"43","lact",NA,NA,NA,"no","single",23,"",8,"yes","no","m","single","209.63",NA,143.06,NA,10,8,50,NA,NA,NA,"",NA,NA,"control","yes","Barnes_isocal_25%Casein",21,"yes","50","ACTIVITY","ACTIVITY","Open_Field","9","square_crossed","#","yes","day","RC_CC",91.7,9.8,8,48.1,6.2,10,"con_237","no","protein-","protein-.ACTIVITY","PR_act",0,27.7185858225127,19.606121493044,768.32,384.4,1.85512600417815,1.76678667064586,0.567933070978985,18,0.322547973111621,0.645240202150704,0.0280359734815827,0.167439462139553
"comp_611","s_65","D_122","A_163","Frankova",1968,"Influence of malnutrition in early","J006","rats","Holzman","protein","-",48,NA,"no","yes","yes","yes","Barnes_isocal_25%Casein","Barnes_isocal_12%Casein",22,"43","lact",NA,NA,NA,"no","single",23,"",8,"yes","no","m","single","209.63",NA,143.06,NA,10,8,50,NA,NA,NA,"",NA,NA,"control","yes","Barnes_isocal_25%Casein",21,"yes","50","ACTIVITY","ACTIVITY","Open_Field","9","grooming_duration","sec","yes","day","RC_CC",40.8,10.9,8,126.3,26.6,10,"con_240","no","protein-","protein-.ACTIVITY","PR_act",0,30.8298556597335,84.1165857604789,950.48,7075.6,-1.28956782388994,-1.22815983227613,0.521667296200861,18,0.272136767925517,-1.12997794794633,0.115729218003685,0.340189973402634
"comp_613","s_65","D_122","A_163","Frankova",1968,"Influence of malnutrition in early","J006","rats","Holzman","protein","-",48,NA,"no","yes","yes","yes","Barnes_isocal_25%Casein","Barnes_isocal_12%Casein",22,"43","lact",NA,NA,NA,"no","single",23,"",8,"yes","no","m","single","209.63",NA,143.06,NA,10,8,50,NA,NA,NA,"",NA,NA,"control","yes","Barnes_isocal_25%Casein",21,"yes","50","ACTIVITY","ACTIVITY","Open_Field","9","inactivity_percentage","%","no","day","RC_CC",100,NA,8,33,NA,10,"con_242","yes","protein-","protein-.ACTIVITY","PR_act",0,NA,NA,NA,NA,2.41027028141002,-2.29549550610479,0.624232018627371,18,0.389665613079602,-1.10866262452161,NA,NA
"comp_641","s_69","D_126","A_168","Lim",2011,"IUGR in  the absence of ","J032","rats","Wistar","protein","-",44,NA,"no","yes","yes","yes","Lim_isocal_20%Casein","Lim_isocal_8.7%Casein",-14,"36","pre+lact",NA,NA,NA,"no","",NA,"",8,"yes","no","m","single","462",8,422,8,7,7,224,5.77,0.17,4.44,"0.13",7,7,"","","",NA,"","217","ACTIVITY","ACTIVITY","Photocell_device","60","count","#","yes","day","NPD_LPD_males",442.01,94.98,7,175.34,54.8,7,"con_262","no","protein-","protein-.ACTIVITY","PR_act",0,251.293459524915,144.98717184634,63148.4028,21021.28,1.29990409982916,1.21693149771241,0.589422921426381,14,0.347419380302809,0.924605560095719,0.143852810320963,0.379279330205276
"comp_642","s_69","D_126","A_169","Lim",2011,"IUGR in  the absence of ","J032","rats","Wistar","protein","-",44,NA,"no","yes","yes","yes","Lim_isocal_20%Casein","Lim_isocal_8.7%Casein",-14,"36","pre+lact",NA,NA,NA,"no","",NA,"",8,"yes","no","f","single","262",4,236,6,7,7,224,5.9,0.13,4.28,"0.13",7,7,"","","",NA,"","217","ACTIVITY","ACTIVITY","Photocell_device","60","count","#","yes","day","NPD_LPD_females",149.77,73.06,7,456.62,120.55,7,"con_263","no","protein-","protein-.ACTIVITY","PR_act",0,193.298590786379,318.945320548836,37364.3452,101726.1175,-1.16356982343394,-1.0892994091722,0.578925587473819,14,0.335154835831906,-1.114750751147,0.307661814598638,0.554672709441016
"comp_645","s_71","D_128","A_171","Whitaker",2012,"Metabolic adaptations to early life","J061","mice","C57BL/6J","protein","-",47,NA,"yes","yes","yes","yes","Test_diet_5755_Richmond","Test_diet_5769_Richmond",0,"43","pre+lact",70,NA,NA,"no","single",NA,"",7,"no","no","m","","20.63",1.358,15.75,0.54,NA,NA,77,1.36,0.03,1.21,"0.05",NA,NA,"control","yes","Test_diet_5755_Richmond",21,"yes","77","ACTIVITY","ACTIVITY","Photocell_device","360","count","#","yes","night","concon_Lpcon_males",15929.2,1106.2,4,14823,1548.7,4,"con_264","no","protein-","protein-.ACTIVITY","PR_act",0,2212.4,3097.4,4894713.76,9593886.76,0.410993953718895,0.357386046712083,0.714593403411134,8,0.510643732198708,0.071973874417946,0.0157385504612386,0.125453379632589
"comp_646","s_71","D_128","A_172","Whitaker",2012,"Metabolic adaptations to early life","J061","mice","C57BL/6J","protein","-",47,NA,"yes","yes","yes","yes","Test_diet_5755_Richmond","Test_diet_5769_Richmond",0,"43","pre+lact",70,NA,NA,"no","single",NA,"",7,"no","no","f","","15.5",1.148,8.61,0.287,NA,NA,63,1.36,0.03,1.21,"0.05",NA,NA,"control","yes","Test_diet_5755_Richmond",21,"yes","63","ACTIVITY","ACTIVITY","Photocell_device","360","count","#","yes","night","concon_Lpcon_females",1542.86,342.85,4,1714.29,137.14,4,"con_265","no","protein-","protein-.ACTIVITY","PR_act",0,685.7,274.28,470184.49,75229.5184,-0.328275656776174,-0.285457092848847,0.711892182371373,8,0.506790479321476,-0.105361163804564,0.0557801769043923,0.236178273565526
"comp_659","s_74","D_132","A_176","Cipolla Neto",1987,"Perinatal malnutrition, suprechiasmatic nuclear lesioning","J062","rats","Wistar","protein","-",24,NA,"no","","yes","yes","Cipolla_25%casein","Cipolla_6%casein",0,"22","pre",NA,NA,NA,"yes","single",22,"12",NA,"","yes","both","single","",NA,NA,NA,NA,NA,NA,NA,NA,NA,"",NA,NA,"control","yes","Cipolla_25%casein",25,"yes","90","ACTIVITY","ACTIVITY","homecage","60","resting","%","no","both","prenatal_control",61.4,3.6,4,57.4,3.6,4,"con_273","yes","protein-","protein-.ACTIVITY","PR_act",0,7.2,7.2,51.84,51.84,0.555555555555556,-0.483091787439614,0.711943852608757,17,0.5068640492674,-0.0673655318275761,0.00737122093493135,0.0858558147997638
"comp_660","s_74","D_132","A_176","Cipolla Neto",1987,"Perinatal malnutrition, suprechiasmatic nuclear lesioning","J062","rats","Wistar","protein","-",24,NA,"no","","yes","yes","Cipolla_25%casein","Cipolla_6%casein",0,"22","pre",NA,NA,NA,"yes","single",22,"12",NA,"","yes","both","single","",NA,NA,NA,NA,NA,NA,NA,NA,NA,"",NA,NA,"control","yes","Cipolla_25%casein",25,"yes","90","ACTIVITY","ACTIVITY","homecage","60","activity","%","yes","both","prenatal_control",38.6,3.7,4,42.8,3.6,4,"con_274","yes","protein-","protein-.ACTIVITY","PR_act",0,7.4,7.2,54.76,51.84,-0.575288491132943,-0.500250861854733,0.712292300475898,17,0.507360321317247,-0.103285826116966,0.0162630198242781,0.127526545567102
"comp_662","s_74","D_133","A_177","Cipolla Neto",1987,"Perinatal malnutrition, suprechiasmatic nuclear lesioning","J062","rats","Wistar","protein","-",24,NA,"no","","yes","yes","Cipolla_25%casein","Cipolla_6%casein",22,"47","lact",NA,NA,NA,"yes","single",22,"12",NA,"","yes","both","single","",NA,NA,NA,NA,NA,NA,NA,NA,NA,"",NA,NA,"control","yes","Cipolla_25%casein",25,"yes","90","ACTIVITY","ACTIVITY","homecage","60","resting","%","no","both","postnatal_control",60.9,4.1,3,57.4,3.6,4,"con_273","yes","protein-","protein-.ACTIVITY","PR_act",0,7.1014083110324,7.2,50.43,51.84,0.488777240239854,-0.411601886517772,0.767017705262292,17,0.588316160185833,-0.0591888713903307,0.00846596978779859,0.0920107047456903
"comp_663","s_74","D_133","A_177","Cipolla Neto",1987,"Perinatal malnutrition, suprechiasmatic nuclear lesioning","J062","rats","Wistar","protein","-",24,NA,"no","","yes","yes","Cipolla_25%casein","Cipolla_6%casein",22,"47","lact",NA,NA,NA,"yes","single",22,"12",NA,"","yes","both","single","",NA,NA,NA,NA,NA,NA,NA,NA,NA,"",NA,NA,"control","yes","Cipolla_25%casein",25,"yes","90","ACTIVITY","ACTIVITY","homecage","60","activity","%","yes","both","postnatal_control",39.2,4.1,3,42.8,3.6,4,"con_274","yes","protein-","protein-.ACTIVITY","PR_act",0,7.1014083110324,7.2,50.43,51.84,-0.502742304246706,-0.423361940418279,0.767205944165313,17,0.58860496076259,-0.0878613557913341,0.0180143060105499,0.134217383414183
"comp_665","s_74","D_134","A_178","Cipolla Neto",1987,"Perinatal malnutrition, suprechiasmatic nuclear lesioning","J062","rats","Wistar","protein","-",24,NA,"no","","yes","yes","Cipolla_25%casein","Cipolla_6%casein",0,"47","pre+lact",NA,NA,NA,"yes","single",22,"12",NA,"","yes","both","single","",NA,NA,NA,NA,NA,NA,NA,NA,NA,"",NA,NA,"control","yes","Cipolla_25%casein",25,"yes","90","ACTIVITY","ACTIVITY","homecage","60","resting","%","no","both","perinatal_control",61.9,5.2,2,57.4,3.6,4,"con_273","yes","protein-","protein-.ACTIVITY","PR_act",0,7.35391052434009,7.2,54.08,51.84,0.62165133449498,-0.497321067595984,0.870215122901073,17,0.75727436012573,-0.0754758763650296,0.0109906043418723,0.104836083205509
"comp_666","s_74","D_134","A_178","Cipolla Neto",1987,"Perinatal malnutrition, suprechiasmatic nuclear lesioning","J062","rats","Wistar","protein","-",24,NA,"no","","yes","yes","Cipolla_25%casein","Cipolla_6%casein",0,"47","pre+lact",NA,NA,NA,"yes","single",22,"12",NA,"","yes","both","single","",NA,NA,NA,NA,NA,NA,NA,NA,NA,"",NA,NA,"control","yes","Cipolla_25%casein",25,"yes","90","ACTIVITY","ACTIVITY","homecage","60","activity","%","yes","both","perinatal_control",38.2,5.2,2,42.8,3.6,4,"con_274","yes","protein-","protein-.ACTIVITY","PR_act",0,7.35391052434009,7.2,54.08,51.84,-0.635465808594867,-0.508372646875894,0.870402928129732,17,0.757601257296812,-0.113702586975221,0.0256050474985251,0.160015772655464
"comp_668","s_74","D_135","A_179","Cipolla Neto",1987,"Perinatal malnutrition, suprechiasmatic nuclear lesioning","J062","rats","Wistar","protein","-",24,NA,"no","","yes","yes","Cipolla_25%casein","Cipolla_6%casein",-30,"47","pre+lact",NA,NA,NA,"yes","single",22,"12",NA,"","yes","both","single","",NA,NA,NA,NA,NA,NA,NA,NA,NA,"",NA,NA,"control","yes","Cipolla_25%casein",25,"yes","90","ACTIVITY","ACTIVITY","homecage","60","resting","%","no","both","preperinatal_control",62.5,3.7,4,57.4,3.6,4,"con_273","yes","protein-","protein-.ACTIVITY","PR_act",0,7.4,7.2,54.76,51.84,0.698564596375717,-0.607447475109319,0.714739615997995,17,0.510852718676961,-0.0851222534168351,0.00743815867814348,0.086244760293849
"comp_669","s_74","D_135","A_179","Cipolla Neto",1987,"Perinatal malnutrition, suprechiasmatic nuclear lesioning","J062","rats","Wistar","protein","-",24,NA,"no","","yes","yes","Cipolla_25%casein","Cipolla_6%casein",-30,"47","pre+lact",NA,NA,NA,"yes","single",22,"12",NA,"","yes","both","single","",NA,NA,NA,NA,NA,NA,NA,NA,NA,"",NA,NA,"control","yes","Cipolla_25%casein",25,"yes","90","ACTIVITY","ACTIVITY","homecage","60","activity","%","yes","both","preperinatal_control",37.6,3.7,4,42.8,3.6,4,"con_274","yes","protein-","protein-.ACTIVITY","PR_act",0,7.4,7.2,54.76,51.84,-0.712261941402691,-0.619358209915384,0.715040200272388,17,0.511282488005576,-0.129534052191902,0.0167582511639293,0.129453664157988
